id,question_bn,question_en,question_banglish,tier1_class,topic,strictness_label,short_explanation_bn,short_explanation_en,reference_text,reference_source,source_type,verification_status,search_keywords
1,"পাঁচ ওয়াক্ত নামাজ পড়া কি ফরজ?","Is the five daily prayers obligatory?","panch oakt namaj pora ki foroj",Obligatory,Worship,"Fard (definitive)","পাঁচ ওয়াক্ত নামাজ প্রত্যেক প্রাপ্তবয়স্ক মুসলিমের উপর ফরজ।","The five daily prayers are obligatory upon every adult Muslim.","Islam is based on five principles: ... establishing the Salah","Sahih al-Bukhari 8, narrated by Ibn Umar","Sahih_Bukhari",verified,"namaj,namaz,salat,salah,prayer,foroj,fard,panch oakt"
2,"রমজানের রোজা রাখা কি ফরজ?","Is fasting in Ramadan obligatory?","ramjaner roja rakha ki foroj",Obligatory,Worship,"Fard (definitive)","রমজান মাসের রোজা প্রত্যেক সক্ষম মুসলিমের উপর ফরজ।","Fasting in the month of Ramadan is obligatory upon every capable Muslim.","Islam is based on five principles: ... fasting during the month of Ramadan","Sahih al-Bukhari 8, narrated by Ibn Umar","Sahih_Bukhari",verified,"roja,roza,sawm,fasting,ramadan,ramjan,foroj"
3,"জাকাত দেওয়া কি ফরজ?","Is paying Zakat obligatory?","zakat dewa ki foroj",Obligatory,Worship,"Fard (definitive)","নিসাব পরিমাণ সম্পদের মালিকের উপর জাকাত ফরজ।","Zakat is obligatory upon the owner of wealth reaching the nisab threshold.","Islam is based on five principles: ... paying the Zakat","Sahih al-Bukhari 8, narrated by Ibn Umar","Sahih_Bukhari",verified,"zakat,zakah,jakat,charity,foroj"
4,"হাজ্জ করা কি ফরজ?","Is performing Hajj obligatory?","hajj kora ki foroj",Obligatory,Worship,"Fard (definitive)","সক্ষম ব্যক্তির উপর জীবনে একবার হাজ্জ ফরজ।","Hajj is obligatory once in a lifetime upon those who are able.","Islam is based on five principles: ... performing Hajj","Sahih al-Bukhari 8, narrated by Ibn Umar","Sahih_Bukhari",verified,"hajj,haj,pilgrimage,foroj"
5,"নামাজ ত্যাগ করা কি কুফর?","Is abandoning prayer disbelief?","namaj tyag kora ki kufr",Faith_Violation,Faith_and_Aqidah,"Kufr (major according to some)","নামাজ ত্যাগ করাকে কিছু উলামা কুফর বলেছেন, তবে মতভেদ আছে।","Abandoning prayer is considered major disbelief by some scholars; there is difference of opinion.","Between a man and polytheism and unbelief is the abandonment of salat","Sahih Muslim 82, narrated by Jabir","Sahih_Muslim",verified,"namaj chhara,salah abandon,kufr,shirk"
6,"শূকরের মাংস খাওয়া কি হারাম?","Is eating pork forbidden?","shukorer mangsho khawa ki haram",Forbidden,Food_and_Drink,"Haram (definitive)","শূকরের মাংস কোরআনে স্পষ্টভাবে হারাম করা হয়েছে।","The flesh of swine is explicitly prohibited in the Quran.","Prohibited to you are dead animals, blood, the flesh of swine...","Quran 5:3","Quran",verified,"pork,shukor,swine,haram,mangsho"
7,"মৃত জন্তুর মাংস খাওয়া কি হারাম?","Is eating meat of dead animals forbidden?","mrito jontur mangsho khawa ki haram",Forbidden,Food_and_Drink,"Haram (definitive)","মৃত জন্তুর মাংস হারাম, তবে জরুরি অবস্থায় অনুমোদিত।","Carrion is forbidden except in cases of extreme necessity.","Prohibited to you are dead animals, blood, the flesh of swine...","Quran 5:3","Quran",verified,"maytah,carrion,mrito,dead animal,haram"
8,"রক্ত খাওয়া কি হারাম?","Is consuming blood forbidden?","rokto khawa ki haram",Forbidden,Food_and_Drink,"Haram (definitive)","প্রবাহিত রক্ত খাওয়া হারাম।","Flowing blood is prohibited.","Prohibited to you are dead animals, blood, the flesh of swine...","Quran 5:3","Quran",verified,"blood,rokto,dam,haram"
9,"সুদ খাওয়া কি হারাম?","Is taking interest (riba) forbidden?","sud khawa ki haram",Forbidden,Business_and_Finance,"Haram (definitive)","সুদ খাওয়া ও দেওয়া উভয়ই হারাম।","Consuming and dealing in riba (interest/usury) is forbidden.","Those who consume interest cannot stand... Allah has permitted trade and forbidden interest","Quran 2:275","Quran",verified,"riba,sud,interest,usury,haram"
10,"সুদ দেওয়া কি হারাম?","Is paying interest forbidden?","sud dewa ki haram",Forbidden,Business_and_Finance,"Haram (definitive)","সুদ দেওয়াও হারাম, তবে জরুরি প্রয়োজনে কিছু ক্ষেত্রে আলোচনা আছে।","Paying interest is also forbidden in principle.","Allah has permitted trade and forbidden interest","Quran 2:275","Quran",verified,"riba,sud,interest,pay"
11,"নামাজের সময় অজু করা কি ফরজ?","Is performing wudu obligatory for prayer?","namajer somoy oju kora ki foroj",Obligatory,Purity,"Fard (definitive)","নামাজের জন্য অজু ফরজ।","Wudu is a prerequisite and obligatory for valid prayer.","O you who have believed, when you rise to [perform] prayer, wash your faces...","Quran 5:6","Quran",verified,"ojun,wudu,ablution,foroj,namaj"
12,"গোসল করা কখন ফরজ?","When is ghusl obligatory?","gosol kora kokhon foroj",Obligatory,Purity,"Fard (definitive)","বীর্যপাত, সহবাস বা ঋতুস্রাবের পর গোসল ফরজ।","Ghusl is obligatory after sexual discharge, intercourse, or end of menstruation.","And if you are in a state of janabah, then purify yourselves","Quran 5:6","Quran",verified,"ghusl,gosol,full bath,janabat"
13,"মদ্যপান করা কি হারাম?","Is drinking alcohol forbidden?","moddopan kora ki haram",Forbidden,Food_and_Drink,"Haram (definitive)","মদ ও সকল নেশাজাতীয় দ্রব্য হারাম।","Alcohol and intoxicants are forbidden.","O you who have believed, indeed, intoxicants... are but defilement from the work of Satan, so avoid it","Quran 5:90","Quran",verified,"alcohol,khamr,mod,sharab,haram"
14,"মিথ্যা বলা কি হারাম?","Is lying forbidden?","mithya bola ki haram",Forbidden,Social_Conduct,"Haram (major sin)","মিথ্যা বলা হারাম এবং বড় গুনাহ।","Lying is forbidden and a major sin.","SEE_REFERENCE_SOURCE","Sahih collections on truthfulness","Sahih_Bukhari",NEEDS_VERIFICATION,"lying,mithya,falsehood,haram"
15,"গিবত করা কি হারাম?","Is backbiting forbidden?","gibat kora ki haram",Forbidden,Social_Conduct,"Haram (major sin)","অনুপস্থিত ব্যক্তির দোষ বলা গিবত এবং হারাম।","Backbiting is strictly forbidden.","And do not spy or backbite each other. Would one of you like to eat the flesh of his brother when dead?","Quran 49:12","Quran",verified,"gibat,backbiting,gossip,haram"
16,"পিতামাতার সাথে সদ্ব্যবহার করা কি ফরজ?","Is kindness to parents obligatory?","pitamatar sathe sodbyabohar kora ki foroj",Obligatory,Family_and_Marriage,"Fard / Wajib","পিতামাতার সাথে সদ্ব্যবহার করা অত্যন্ত জরুরি ও ফরজের কাছাকাছি।","Dutifulness to parents is highly emphasized and obligatory in essence.","And We have enjoined upon man [care] for his parents","Quran 31:14","Quran",verified,"parents,baba ma,birr al-walidayn,kindness"
17,"পর্দা করা কি ফরজ?","Is hijab/covering obligatory for women?","porda kora ki foroj",Obligatory,Clothing_and_Adornment,"Fard (definitive for free adult women)","মুসলিম নারীর জন্য পর্দা/হিজাব ফরজ।","Covering the awrah (including headscarf for women) is obligatory.","And tell the believing women to... draw their veils over their bosoms","Quran 24:31","Quran",verified,"hijab,porda,veil,covering,khimar"
18,"মৃত ব্যক্তির জন্য জানাজা নামাজ পড়া কি ফরজ কিফায়া?","Is the funeral prayer obligatory (fard kifayah)?","mrito byaktir jonno janaja namaj pora ki foroj kifaya",Obligatory,Funeral_and_Mourning,"Fard Kifayah","জানাজা নামাজ ফরজ কিফায়া — কিছু লোক আদায় করলে সবার দায়িত্ব পালিত হয়।","The funeral prayer is a communal obligation.","SEE_REFERENCE_SOURCE","Sahih collections on Janaiz","Sahih_Bukhari",NEEDS_VERIFICATION,"janaza,funeral prayer,salat al-janazah"
19,"কসম ভাঙা কি হারাম?","Is breaking an oath forbidden?","kosam bhanga ki haram",Forbidden,Oaths_and_Vows,"Haram (with expiation required)","কসম ভাঙা হারাম এবং কাফফারা দিতে হয়।","Breaking a solemn oath is forbidden and requires expiation.","SEE_REFERENCE_SOURCE","Quran 5:89","Quran",NEEDS_VERIFICATION,"oath,qasam,yamin,vow"
20,"তাহাজ্জুদ নামাজ পড়া কি মুস্তাহাব?","Is Tahajjud prayer recommended?","tahajjud namaj pora ki mustahab",Recommended,Worship,"Sunnah / Mustahabb","তাহাজ্জুদ নফল নামাজ এবং অত্যন্ত ফজিলতপূর্ণ।","Tahajjud is a highly recommended voluntary prayer.","SEE_REFERENCE_SOURCE","Quran 17:79 and related hadiths","Quran",NEEDS_VERIFICATION,"tahajjud,night prayer,nawafil"
21,"দুপুরের নামাজের আগে সুন্নত পড়া কি মুয়াক্কাদা?","Are the sunnah before Zuhr emphasized?","dupurer namajer age sunnat pora ki muakkada",Recommended,Worship,"Sunnah Mu'akkadah","জোহরের আগের চার রাকাত সুন্নত মুয়াক্কাদা।","The four rak'ahs before Zuhr are emphasized sunnah.","SEE_REFERENCE_SOURCE","Hadith collections on regular sunnah prayers","Sahih_Bukhari",NEEDS_VERIFICATION,"sunnah muakkadah,zuhr sunnah"
22,"পানি পান করা কি জায়েজ?","Is drinking water permissible?","pani pan kora ki jayez",Permissible,Food_and_Drink,"Mubah (permissible)","পানি পান করা সম্পূর্ণ জায়েজ এবং প্রয়োজনীয়।","Drinking water is completely permissible and necessary.","SEE_REFERENCE_SOURCE","General principle of permissibility","Fiqh_Hanafi",verified,"pani,water,drink,jayez,mubah"
23,"ঘুমানো কি জায়েজ?","Is sleeping permissible?","ghumano ki jayez",Permissible,Social_Conduct,"Mubah (permissible)","ঘুমানো জায়েজ এবং শরীরের প্রয়োজন।","Sleeping is permissible and a natural need.","SEE_REFERENCE_SOURCE","General principle","Fiqh_Hanafi",verified,"ghum,sleep,nind"
24,"খাবার খাওয়া কি জায়েজ?","Is eating food permissible?","khabar khawa ki jayez",Permissible,Food_and_Drink,"Mubah (permissible)","হালাল খাবার খাওয়া জায়েজ।","Eating lawful food is permissible.","O mankind, eat from whatever is on earth [that is] lawful and good","Quran 2:168","Quran",verified,"khabar,food,khawa,halal"
25,"গাড়ি চালানো কি জায়েজ?","Is driving a car permissible?","gari chalano ki jayez",Permissible,Social_Conduct,"Mubah (permissible)","গাড়ি চালানো সম্পূর্ণ জায়েজ যদি কোনো হারাম কাজে ব্যবহার না হয়।","Driving a car is permissible as long as not used for haram purposes.","SEE_REFERENCE_SOURCE","General principle of permissibility","Fiqh_Hanafi",verified,"gari,car,driving,vehicle"
26,"মা-বাবাকে ডাকা কি জায়েজ?","Is calling parents (ma/baba) permissible?","ma babake daka ki jayez",Permissible,Family_and_Marriage,"Mubah (permissible)","মা-বাবাকে ডাকা ও সম্মান করা জায়েজ ও উত্তম।","Calling and respecting parents is permissible and virtuous.","SEE_REFERENCE_SOURCE","General","Fiqh_Hanafi",verified,"ma,baba,parents,call"
27,"সোনা-রুপা পরার ব্যাপারে পুরুষের জন্য কি নিয়ম?","What is the ruling on men wearing gold and silk?","sona rupa porar byapare purusher jonno ki niyom",Forbidden,Clothing_and_Adornment,"Haram for men","পুরুষের জন্য সোনা ও রেশম পরার নিষেধাজ্ঞা আছে।","Gold and pure silk are forbidden for men.","These are haram for the males of my ummah and permitted for the females","Sahih Muslim and Abu Dawud collections","Sahih_Muslim",verified,"gold,silk,sona,reshom,men"
28,"নারীর জন্য সোনা পরার কি হুকুম?","Is gold permissible for women?","narir jonno sona porar ki hukum",Permissible,Clothing_and_Adornment,"Mubah / Halal for women","নারীর জন্য সোনা ও রেশম জায়েজ।","Gold and silk are permissible for women.","These are haram for the males of my ummah and permitted for the females","Sahih Muslim and Abu Dawud collections","Sahih_Muslim",verified,"gold,sona,women,jewelry"
29,"বিবাহ করা কি সুন্নত?","Is marriage recommended/sunnah?","bibaho kora ki sunnat",Recommended,Family_and_Marriage,"Sunnah Mu'akkadah (for those able)","বিবাহ করা সুন্নত এবং যৌবনের নিরাপত্তার জন্য উত্তম।","Marriage is a recommended sunnah for those who are able.","SEE_REFERENCE_SOURCE","Hadith: 'O young men, whoever among you is able to marry...'","Sahih_Bukhari",NEEDS_VERIFICATION,"nikah,marriage,bibaho,sunnat"
30,"তালাক দেওয়া কি মাকরুহ?","Is divorce disliked?","talak dewa ki makruh",Disliked,Family_and_Marriage,"Makruh (though permissible)","তালাক বৈধ কিন্তু অপছন্দনীয়।","Divorce is permissible but disliked when avoidable.","SEE_REFERENCE_SOURCE","Hadith literature on the most hated of permissible things","Abu_Dawood",NEEDS_VERIFICATION,"talaq,divorce,talak"
31,"প্রতিবেশীর হক আদায় করা কি ওয়াজিব?","Is fulfilling the rights of neighbors obligatory?","protibeshir hok aday kora ki wajib",Obligatory,Social_Conduct,"Wajib / highly emphasized","প্রতিবেশীর অধিকার আদায় করা অত্যন্ত জরুরি।","Fulfilling the rights of neighbors is strongly emphasized.","SEE_REFERENCE_SOURCE","Hadith: 'Jibril kept recommending the neighbor to me...'","Sahih_Bukhari",NEEDS_VERIFICATION,"neighbor,protibeshi,rights"
32,"শিরক করা কি সবচেয়ে বড় গুনাহ?","Is shirk the greatest sin?","shirk kora ki sobcheye boro gunah",Faith_Violation,Faith_and_Aqidah,"Shirk (unforgivable if not repented)","শিরক সবচেয়ে বড় গুনাহ এবং অক্ষম্য যদি তওবা না করা হয়।","Associating partners with Allah is the greatest sin.","Indeed, Allah does not forgive association with Him, but He forgives what is less than that...","Quran 4:48","Quran",verified,"shirk,polytheism,idolatry"
33,"কবরের উপর ঘর বানানো কি বিদআত?","Is building structures on graves an innovation?","koborer upor ghor banano ki bidaat",Religious_Innovation,Funeral_and_Mourning,"Bid'ah (disliked/forbidden by many)","কবরের উপর স্থাপনা নির্মাণ অনেক উলামার মতে বিদআত।","Building structures over graves is considered an innovation by many scholars.","SEE_REFERENCE_SOURCE","Hadiths prohibiting building over graves","Sahih_Muslim",NEEDS_VERIFICATION,"grave,kobor,structure,bidaat"
34,"মানত মানার কি হুকুম?","What is the ruling on making a vow (nazr)?","manot manar ki hukum",Obligatory,Oaths_and_Vows,"Wajib to fulfill if made","মানত করলে তা পূরণ করা ওয়াজিব।","Fulfilling a vow (nazr) is obligatory once made.","SEE_REFERENCE_SOURCE","Quran 22:29 and related","Quran",NEEDS_VERIFICATION,"nazr,manot,vow,promise"
35,"জুমার নামাজ কি ফরজ?","Is Jumu'ah prayer obligatory?","jumar namaj ki foroj",Obligatory,Worship,"Fard (on free adult males)","জুমার নামাজ স্বাধীন প্রাপ্তবয়স্ক পুরুষদের উপর ফরজ।","The Friday congregational prayer is obligatory upon free adult males.","O you who have believed, when [the adhan] is called for the prayer on the day of Jumu'ah...","Quran 62:9","Quran",verified,"jumuah,jumma,friday prayer"
36,"রোজা অবস্থায় ইচ্ছাকৃতভাবে খাওয়া কি হারাম?","Is deliberately eating while fasting forbidden?","roja obosthay ichhakrito khawa ki haram",Forbidden,Worship,"Haram (invalidates fast + major sin)","রোজা অবস্থায় ইচ্ছাকৃতভাবে খাওয়া-দাওয়া রোজা ভঙ্গ করে এবং গুনাহ।","Deliberately eating or drinking invalidates the fast and is sinful.","SEE_REFERENCE_SOURCE","Hadith collections on fasting","Sahih_Bukhari",NEEDS_VERIFICATION,"roja,fast,eat,break"
37,"হালাল পশু জবাই করা কি শর্ত?","Is proper slaughter required for meat to be halal?","halal poshu jobai kora ki shorto",Obligatory,Food_and_Drink,"Condition for permissibility","হালাল মাংসের জন্য শরিয়তসম্মত জবাই জরুরি।","Proper Islamic slaughter is required for meat to be lawful.","except what you [are able to] slaughter [before its death]","Quran 5:3","Quran",verified,"zabiha,slaughter,halal meat,jobai"
38,"ব্যবসায় প্রতারণা করা কি হারাম?","Is cheating in business forbidden?","byabsay protarona kora ki haram",Forbidden,Business_and_Finance,"Haram (major sin)","ব্যবসায় প্রতারণা ও ওজন কম দেওয়া হারাম।","Cheating and short-changing in trade is forbidden.","Woe to those who give less [than due]","Quran 83:1","Quran",verified,"cheat,protarona,business,trade,haram"
39,"অন্যের সম্পদ চুরি করা কি হারাম?","Is stealing the property of others forbidden?","onner shompotti churi kora ki haram",Forbidden,Social_Conduct,"Haram (major sin + hadd)","চুরি হারাম এবং শরিয়তে শাস্তির বিধান আছে।","Theft is forbidden and carries legal punishment.","[As for] the thief, the male and the female, amputate their hands...","Quran 5:38","Quran",verified,"churi,theft,steal,haram"
40,"ইবাদতে বিদআত উদ্ভাবন করা কি নিষিদ্ধ?","Is innovating in worship forbidden?","ibadote bidaat udvabon kora ki nishiddho",Religious_Innovation,Faith_and_Aqidah,"Bid'ah (rejected)","ধর্মে নতুন উদ্ভাবন (বিদআত) প্রত্যাখ্যাত।","Religious innovation in matters of worship is rejected.","Whoever innovates something in this matter of ours that is not part of it will have it rejected","Sahih al-Bukhari 2697 (and Muslim)","Sahih_Bukhari",verified,"bidaat,innovation,bidah"
41,"জুমার দিন গোসল করা কি মুস্তাহাব?","Is ghusl on Friday recommended?","jumar din gosol kora ki mustahab",Recommended,Purity,"Sunnah Mu'akkadah / Mustahabb","জুমার দিন গোসল করা সুন্নত এবং উত্তম।","Taking a bath on Friday is strongly recommended.","The taking of a bath on Friday is compulsory for every male Muslim who has attained the age of puberty","Sahih al-Bukhari (Friday Prayer chapter)","Sahih_Bukhari",verified,"jumuah ghusl,friday bath"
42,"তায়াম্মুম করা কখন জায়েজ?","When is tayammum permissible?","tayammum kora kokhon jayez",Permissible,Purity,"Permissible substitute","পানি না পেলে বা ব্যবহার করতে অক্ষম হলে তায়াম্মুম জায়েজ।","Tayammum is allowed when water is unavailable or harmful.","And if you find no water, then seek clean earth and wipe over your faces and hands","Quran 5:6","Quran",verified,"tayammum,dry ablution,pani nai"
43,"নারীর জন্য হিজাব না পরা কি হারাম?","Is not wearing hijab forbidden for women?","narir jonno hijab na pora ki haram",Forbidden,Clothing_and_Adornment,"Haram","মুসলিম নারীর জন্য হিজাব না পরা হারাম।","Not covering as required is forbidden for adult Muslim women.","And tell the believing women to... draw their veils over their bosoms","Quran 24:31","Quran",verified,"hijab,porda,not covering"
44,"পুরুষের জন্য রেশম পরা কি হারাম?","Is wearing pure silk forbidden for men?","purusher jonno reshom pora ki haram",Forbidden,Clothing_and_Adornment,"Haram for men","পুরুষের জন্য খাঁটি রেশম পরা হারাম।","Pure silk is forbidden for men.","Silk is only worn in this world by the one who will have no share of the pleasure of the Hereafter","Sahih al-Bukhari and Muslim","Sahih_Bukhari",verified,"silk,reshom,men haram"
45,"জুমার খুতবা শোনা কি ওয়াজিব?","Is listening to the Jumu'ah khutbah obligatory?","jumar khutba shona ki wajib",Obligatory,Worship,"Wajib / part of obligation","জুমার খুতবা শোনা ওয়াজিবের অংশ।","Listening to the Friday sermon is part of the obligation.","when [the adhan] is called for the prayer on the day of Jumu'ah... proceed to the remembrance of Allah","Quran 62:9","Quran",verified,"khutbah,jumuah sermon"
46,"রোজা ভাঙার কাফফারা কি?","What is the expiation for deliberately breaking a fast?","roja bhangar kaffara ki",Obligatory,Worship,"Wajib (expiation)","ইচ্ছাকৃতভাবে রোজা ভাঙলে কাফফারা ওয়াজিব।","Deliberate breaking of a Ramadan fast requires expiation.","SEE_REFERENCE_SOURCE","Hadith collections on kaffarah for fasting","Sahih_Bukhari",NEEDS_VERIFICATION,"kaffarah,roja break,expiation"
47,"হালাল মাংস ছাড়া অন্য মাংস খাওয়া কি হারাম?","Is eating non-halal meat forbidden?","halal mangsho chara onno mangsho khawa ki haram",Forbidden,Food_and_Drink,"Haram","অহালাল মাংস খাওয়া হারাম।","Meat not slaughtered according to Islamic rules is forbidden.","Prohibited to you are dead animals... and that which has been dedicated to other than Allah","Quran 5:3","Quran",verified,"non-halal,haram meat"
48,"ব্যবসায় মিথ্যা বলা কি হারাম?","Is lying in business forbidden?","byabsay mithya bola ki haram",Forbidden,Business_and_Finance,"Haram","ব্যবসায় মিথ্যা বলা ও প্রতারণা হারাম।","Lying and deception in trade is forbidden.","Woe to those who give less [than due]","Quran 83:1","Quran",verified,"business lying,protarona"
49,"অন্যের সম্মান নষ্ট করা কি হারাম?","Is damaging someone's honor forbidden?","onner somman noshto kora ki haram",Forbidden,Social_Conduct,"Haram","অন্যের সম্মানহানি করা হারাম।","Harming a Muslim's honor is forbidden.","Would one of you like to eat the flesh of his brother when dead?","Quran 49:12","Quran",verified,"honor,somman,backbiting related"
50,"শিশুদের সাথে সদ্ব্যবহার করা কি সুন্নত?","Is kindness to children recommended?","shishuder sathe sodbyabohar kora ki sunnat",Recommended,Family_and_Marriage,"Sunnah / Mustahabb","শিশুদের সাথে সদ্ব্যবহার করা সুন্নত ও উত্তম।","Kindness to children is recommended and prophetic practice.","SEE_REFERENCE_SOURCE","Hadith collections on kindness to children","Sahih_Bukhari",NEEDS_VERIFICATION,"children,shishu,kindness"
51,"মৃতের জন্য দোয়া করা কি জায়েজ?","Is praying for the deceased permissible?","mriter jonno doya kora ki jayez",Permissible,Funeral_and_Mourning,"Mustahabb / Permissible","মৃতের জন্য দোয়া ও ইস্তিগফার জায়েজ ও উত্তম।","Supplicating for the deceased is permissible and recommended.","SEE_REFERENCE_SOURCE","Hadith on dua for the dead","Sahih_Muslim",NEEDS_VERIFICATION,"dua for dead,mrit,janaza"
52,"কসম করা কি জায়েজ?","Is making an oath permissible?","kosam kora ki jayez",Permissible,Oaths_and_Vows,"Mubah (but discouraged unnecessarily)","কসম করা জায়েজ তবে অপ্রয়োজনে করা উচিত নয়।","Making an oath is permissible but should not be done unnecessarily.","SEE_REFERENCE_SOURCE","Quran and Hadith on yamin","Quran",NEEDS_VERIFICATION,"oath,qasam"
53,"নফল রোজা রাখা কি মুস্তাহাব?","Is voluntary fasting recommended?","nafl roja rakha ki mustahab",Recommended,Worship,"Mustahabb","নফল রোজা রাখা মুস্তাহাব ও সওয়াবের কাজ।","Voluntary fasting is recommended.","SEE_REFERENCE_SOURCE","Hadith on Monday-Thursday fasting etc.","Sahih_Bukhari",NEEDS_VERIFICATION,"nafl roja,voluntary fast"
54,"অজুর সময় মুখ তিনবার ধোয়া কি সুন্নত?","Is washing the face three times in wudu sunnah?","ojur somoy mukh tinbar dhowa ki sunnat",Recommended,Purity,"Sunnah","অজুতে মুখ, হাত ইত্যাদি তিনবার ধোয়া সুন্নত।","Washing the face and limbs three times is sunnah in wudu.","I saw 'Uthman... washed his face... thrice","Sahih al-Bukhari 159","Sahih_Bukhari",verified,"wudu three times,ojun tinbar"
55,"নারীর জন্য পুরুষের কাপড় পরা কি হারাম?","Is wearing men's clothing forbidden for women?","narir jonno purusher kapor pora ki haram",Forbidden,Clothing_and_Adornment,"Haram","নারীর জন্য পুরুষের পোশাক পরা হারাম।","Women wearing men's clothing (and vice versa) is forbidden.","SEE_REFERENCE_SOURCE","Hadith on imitating the opposite gender","Abu_Dawood",NEEDS_VERIFICATION,"cross dressing,gender clothing"
56,"পুরুষের জন্য নারীর কাপড় পরা কি হারাম?","Is wearing women's clothing forbidden for men?","purusher jonno narir kapor pora ki haram",Forbidden,Clothing_and_Adornment,"Haram","পুরুষের জন্য নারীর পোশাক পরা হারাম।","Men wearing women's clothing is forbidden.","SEE_REFERENCE_SOURCE","Hadith on imitating the opposite gender","Abu_Dawood",NEEDS_VERIFICATION,"cross dressing"
57,"জাকাত অস্বীকার করা কি কুফর?","Is denying Zakat disbelief?","zakat oshikar kora ki kufr",Faith_Violation,Faith_and_Aqidah,"Kufr if denial of obligation","জাকাতের ফরজিয়ত অস্বীকার করা কুফর।","Denying the obligation of Zakat is disbelief.","SEE_REFERENCE_SOURCE","Consensus and related texts","Ijma",NEEDS_VERIFICATION,"zakat denial,kufr"
58,"হাজ্জ অস্বীকার করা কি কুফর?","Is denying Hajj disbelief?","hajj oshikar kora ki kufr",Faith_Violation,Faith_and_Aqidah,"Kufr if denial of obligation","হাজ্জের ফরজিয়ত অস্বীকার করা কুফর।","Denying the obligation of Hajj is disbelief.","SEE_REFERENCE_SOURCE","Consensus","Ijma",NEEDS_VERIFICATION,"hajj denial"
59,"রোজা অস্বীকার করা কি কুফর?","Is denying fasting disbelief?","roja oshikar kora ki kufr",Faith_Violation,Faith_and_Aqidah,"Kufr if denial of obligation","রোজার ফরজিয়ত অস্বীকার করা কুফর।","Denying the obligation of fasting Ramadan is disbelief.","SEE_REFERENCE_SOURCE","Consensus","Ijma",NEEDS_VERIFICATION,"roja denial,kufr"
60,"নামাজ অস্বীকার করা কি কুফর?","Is denying prayer disbelief?","namaj oshikar kora ki kufr",Faith_Violation,Faith_and_Aqidah,"Kufr (definitive)","নামাজের ফরজিয়ত অস্বীকার করা কুফর।","Denying the obligation of the five prayers is disbelief.","SEE_REFERENCE_SOURCE","Consensus of scholars","Ijma",verified,"namaj denial,kufr"
61,"হালাল ব্যবসা করা কি জায়েজ?","Is conducting lawful business permissible?","halal byabsa kora ki jayez",Permissible,Business_and_Finance,"Mubah / Recommended","হালাল ব্যবসা করা জায়েজ ও উত্তম।","Conducting lawful trade is permissible and encouraged.","Allah has permitted trade and forbidden interest","Quran 2:275","Quran",verified,"halal business,trade"
62,"ওজন ঠিক রাখা কি ওয়াজিব?","Is giving full measure obligatory?","ojon thik rakha ki wajib",Obligatory,Business_and_Finance,"Wajib","ওজন ও পরিমাপ ঠিক রাখা ওয়াজিব।","Giving full measure and weight is obligatory.","Woe to those who give less [than due]","Quran 83:1","Quran",verified,"measure,weight,ojon"
63,"প্রতিবেশীর ক্ষতি করা কি হারাম?","Is harming a neighbor forbidden?","protibeshir khoti kora ki haram",Forbidden,Social_Conduct,"Haram","প্রতিবেশীর ক্ষতি করা হারাম।","Harming a neighbor is forbidden.","SEE_REFERENCE_SOURCE","Hadith on neighbor rights","Sahih_Bukhari",NEEDS_VERIFICATION,"neighbor harm"
64,"অতিথির সম্মান করা কি সুন্নত?","Is honoring a guest recommended?","otithir somman kora ki sunnat",Recommended,Social_Conduct,"Sunnah","অতিথির সম্মান করা সুন্নত।","Honoring the guest is a sunnah.","SEE_REFERENCE_SOURCE","Hadith on guest rights","Sahih_Bukhari",NEEDS_VERIFICATION,"guest,otithi"
65,"মৃতের পিছনে কান্না করা কি জায়েজ?","Is crying for the deceased permissible?","mriter pichone kanna kora ki jayez",Permissible,Funeral_and_Mourning,"Mubah (wailing is not)","সাধারণ কান্না জায়েজ, কিন্তু উচ্চস্বরে বিলাপ নিষিদ্ধ।","Ordinary crying is permissible; loud wailing is forbidden.","SEE_REFERENCE_SOURCE","Hadith on mourning","Sahih_Bukhari",NEEDS_VERIFICATION,"crying,kanna,mourning"
66,"কবর জিয়ারত করা কি জায়েজ?","Is visiting graves permissible?","kobor jiarat kora ki jayez",Permissible,Funeral_and_Mourning,"Mustahabb for men","কবর জিয়ারত করা পুরুষদের জন্য জায়েজ ও উত্তম।","Visiting graves is permissible and recommended for men.","SEE_REFERENCE_SOURCE","Hadith permitting grave visits","Sahih_Muslim",NEEDS_VERIFICATION,"grave visit,kobor jiarat"
67,"মানত ভাঙা কি হারাম?","Is breaking a vow forbidden?","manot bhanga ki haram",Forbidden,Oaths_and_Vows,"Haram","মানত ভাঙা হারাম এবং কাফফারা দিতে হয়।","Breaking a vow is forbidden and requires expiation.","SEE_REFERENCE_SOURCE","Quran on fulfilling vows","Quran",NEEDS_VERIFICATION,"nazr break,manot"
68,"নফল নামাজ পড়া কি মুস্তাহাব?","Is voluntary prayer recommended?","nafl namaj pora ki mustahab",Recommended,Worship,"Mustahabb","নফল নামাজ পড়া মুস্তাহাব।","Voluntary prayers are recommended.","SEE_REFERENCE_SOURCE","Hadith on nawafil","Sahih_Bukhari",NEEDS_VERIFICATION,"nafl,voluntary prayer"
69,"অজু ভাঙার কারণ কি কি?","What breaks wudu?","oju bhangar karon ki ki",Obligatory,Purity,"Fard knowledge","প্রস্রাব, পায়খানা, বায়ু, ঘুম ইত্যাদি অজু ভেঙে দেয়।","Urine, feces, wind, deep sleep etc. break wudu.","SEE_REFERENCE_SOURCE","Fiqh and Hadith on nullifiers of wudu","Fiqh_Hanafi",NEEDS_VERIFICATION,"oju bhanga,nullifiers"
70,"গোসল ফরজ হওয়ার কারণ কি কি?","What necessitates ghusl?","gosol foroj howar karon ki ki",Obligatory,Purity,"Fard knowledge","বীর্যপাত, সহবাস, ঋতুস্রাব শেষ হওয়া ইত্যাদি গোসল ফরজ করে।","Emission of semen, intercourse, end of menses necessitate ghusl.","And if you are in a state of janabah, then purify yourselves","Quran 5:6","Quran",verified,"ghusl reasons,janabat"
71,"হালাল পশু ছাড়া অন্য পশু জবাই কি হারাম?","Is slaughtering non-permissible animals forbidden?","halal poshu chara onno poshu jobai ki haram",Forbidden,Food_and_Drink,"Haram","অহালাল প্রাণী জবাই করে খাওয়া হারাম।","Slaughtering and eating prohibited animals is forbidden.","Prohibited to you are... the flesh of swine","Quran 5:3","Quran",verified,"haram animal slaughter"
72,"সুদের চুক্তি করা কি হারাম?","Is entering into an interest-based contract forbidden?","suder chukti kora ki haram",Forbidden,Business_and_Finance,"Haram","সুদের চুক্তি করা হারাম।","Entering into riba contracts is forbidden.","Allah has permitted trade and forbidden interest","Quran 2:275","Quran",verified,"riba contract,interest deal"
73,"অন্যের গোপন বিষয় খোঁজা কি হারাম?","Is spying on others forbidden?","onner gopon bishoy khoja ki haram",Forbidden,Social_Conduct,"Haram","অন্যের গোপন বিষয় খোঁজা হারাম।","Spying on others is forbidden.","And do not spy or backbite each other","Quran 49:12","Quran",verified,"spying,tajassus,khoja"
74,"পিতামাতাকে অমান্য করা কি হারাম?","Is disobeying parents forbidden?","pitamatake omanya kora ki haram",Forbidden,Family_and_Marriage,"Haram (major sin)","পিতামাতাকে অমান্য করা বড় গুনাহ।","Disobeying parents is a major sin.","And We have enjoined upon man [care] for his parents","Quran 31:14","Quran",verified,"parents disobedience,uqooq"
75,"মৃত ব্যক্তির সম্পত্তি ভাগ করা কি ফরজ?","Is distributing inheritance obligatory?","mrito byaktir shompotti bhag kora ki foroj",Obligatory,Family_and_Marriage,"Fard","মৃতের সম্পত্তি শরিয়ত অনুসারে ভাগ করা ফরজ।","Distributing inheritance according to Shariah is obligatory.","SEE_REFERENCE_SOURCE","Quran inheritance verses (4:11 etc.)","Quran",NEEDS_VERIFICATION,"miras,inheritance,waris"
76,"আল্লাহর প্রতি ঈমান আনা কি ফরজ?","Is belief in Allah obligatory?","allah r proti iman ana ki foroj",Obligatory,Faith_and_Aqidah,"Fard (definitive)","আল্লাহর প্রতি ঈমান আনা ইসলামের প্রথম স্তম্ভ।","Belief in Allah is the first pillar of faith.","There is no deity except Me, so worship Me","Quran 21:25","Quran",verified,"allah,iman,tawhid,faith"
77,"মুহাম্মদ (সা.) কে ভালোবাসা কি ঈমানের অংশ?","Is loving the Prophet Muhammad (PBUH) part of faith?","muhammad s ke valobasha ki imaner ongsho",Obligatory,Faith_and_Aqidah,"Fard (definitive)","রাসূলকে ভালোবাসা ঈমানের অংশ।","Loving the Prophet is a necessary component of faith.","None of you truly believes until I am more beloved to him than his father, his children and all of mankind","Sahih al-Bukhari 14","Sahih_Bukhari",verified,"rasul,love prophet,muhammad,sallallahu alaihi wa sallam"
78,"সাহাবিদের সম্মান করা কি ওয়াজিব?","Is honoring the Sahabah obligatory?","sahaba der somman kora ki wajib",Obligatory,Faith_and_Aqidah,"Wajib (definitive)","সাহাবিদের সম্মান করা ওয়াজিব।","Honoring the companions of the Prophet is obligatory.","The best of people are my generation, then those who follow them...","Sahih al-Bukhari 2652","Sahih_Bukhari",verified,"sahabi,companion,somman,honor"
79,"জান্নাতে কী কী নেয়ামত আছে?","What blessings exist in Paradise?","jannate ki ki neyamat ache",Recommended,Faith_and_Aqidah,"Mustahabb to learn (believing is obligatory)","জান্নাতের নেয়ামতের বর্ণনা ঈমানের অংশ এবং তা জানা উৎসাহিত।","Learning about the blessings of Paradise strengthens faith.","... gardens beneath which rivers flow...","Quran 2:25","Quran",verified,"jannat,paradise,blessing,nemat"
80,"জাহান্নামের শাস্তি থেকে বাঁচার উপায় কি?","How can one be saved from Hellfire?","jahannamer shasti theke bachar upay ki",Obligatory,Faith_and_Aqidah,"Fard (avoiding sins + following Islam)","জাহান্নাম থেকে বাঁচতে ঈমান ও আমল ফরজ।","Faith and righteous deeds are required to be saved from Hellfire.","And fear the Fire, which has been prepared for the disbelievers","Quran 3:131","Quran",verified,"jahannam,hell,shasti,save"
81,"তাবলীগ করা কি মুস্তাহাব?","Is propagating/teaching Islam recommended?","tablig kora ki mustahab",Recommended,Social_Conduct,"Sunnah / Mustahabb","মানুষকে দ্বীনের দিকে ডাকা অত্যন্ত ফজিলতপূর্ণ।","Inviting people to Islam is highly meritorious.","Invite to the way of your Lord with wisdom and good instruction","Quran 16:125","Quran",verified,"tablig,dawah,invite"
82,"তাবলীগ জামাতের নিয়ম-কানুন কি শরিয়তসম্মত?","Are Tablighi Jamaat practices Shariah-compliant?","tablig jamater niom kanun ki shoriyot sommot",Recommended,Social_Conduct,"Permissible (general)","তাবলীগ জামাতের মূল পদ্ধতি (দাওয়াত, ইলম, জিকির) বৈধ, তবে কিছু আচরণ নিয়ে আলেমদের মন্তব্য আছে।","The core methods of Tablighi Jamaat are permissible; some practices are discussed among scholars.","SEE_REFERENCE_SOURCE","General principles of dawah","Fiqh_Hanafi",NEEDS_VERIFICATION,"tablig jamat,dawah,ijtema"
83,"ইজতেমা করা কি জায়েজ?","Is attending the Ijtema (religious gathering) permissible?","ijtema kora ki jayez",Recommended,Worship,"Mustahabb (recommended gathering)","ইজতেমায় যোগ দেওয়া দাওয়াত ও ইলমের সমাবেশ হিসেবে উত্তম।","Attending the Ijtema for learning and dawah is recommended.","SEE_REFERENCE_SOURCE","General principle of beneficial gatherings","Fiqh_Hanafi",NEEDS_VERIFICATION,"ijtema,tablig gathering,biswa ijtema"
84,"চার তরিকার পীর ধরার কি হুকুম?","What is the ruling on following a Sufi order (pir-muridi)?","char tarikar pir dhorar ki hukum",Disliked,Faith_and_Aqidah,"Khilaf (disputed; bidaah in some aspects)","সুফি তরিকা বা পীর-মুরিদির কিছু পদ্ধতি বিতর্কিত; শরিয়তের গণ্ডির ভেতরে থাকলে জায়েজ।","Some Sufi practices are disputed; staying within Shariah limits is essential.","SEE_REFERENCE_SOURCE","Quran 3:31; scholarly views","Fiqh_Hanafi",NEEDS_VERIFICATION,"pir,tariqa,sufi,murid"
85,"মাজারে গিয়ে দোয়া করা কি জায়েজ?","Is making dua at a mazar (shrine) permissible?","majar e giye doya kora ki jayez",Religious_Innovation,Faith_and_Aqidah,"Bid'ah (if seeking from dead)","মাজারে গিয়ে কবরবাসীর কাছে চাওয়া হারাম; আল্লাহর কাছে দোয়া করা জায়েজ।","Supplicating to the dead at shrines is forbidden; praying to Allah is permissible.","And invoke not besides Allah any that will neither profit you nor hurt you","Quran 10:106","Quran",verified,"mazar,shrine,dowa,pir"
86,"ওরশ বা মিলাদ করা কি জায়েজ?","Is celebrating urs/milad permissible?","orosh ba milad kora ki jayez",Religious_Innovation,Faith_and_Aqidah,"Bid'ah (majority view)","ওরশ/মিলাদ নবীর জন্মোৎসব পরবর্তী উদ্ভাবন, অধিকাংশ আলেম একে বিদআত বলেছেন।","Urs/Milad celebrations are later innovations; most scholars regard them as bid'ah.","SEE_REFERENCE_SOURCE","Scholarly consensus on bidaah","Fiqh_Hanafi",NEEDS_VERIFICATION,"milad,urs,mawlid,bidaat"
87,"আল্লাহর নামে কসম করা কি জায়েজ?","Is swearing by Allah permissible?","allah r name kosom kora ki jayez",Permissible,Oaths_and_Vows,"Mubah (should be truthful)","আল্লাহর নামে কসম করা জায়েজ কিন্তু সত্য হতে হবে।","Swearing by Allah is permissible but must be truthful.","And fulfill the covenant of Allah when you have taken it","Quran 16:91","Quran",verified,"kosom,allah name,oath"
88,"গাইরুল্লাহর নামে কসম করা কি হারাম?","Is swearing by other than Allah forbidden?","goirullah r name kosom kora ki haram",Forbidden,Oaths_and_Vows,"Haram","গাইরুল্লাহর নামে কসম করা হারাম।","Swearing by other than Allah is forbidden.","Whoever swears by other than Allah has committed shirk (or disbelief)","Sunan Abi Dawood 3251","Abu_Dawood",verified,"kasam,other than allah,shirk"
89,"রাসূল (সা.) এর সুন্নত পালন করা কি ওয়াজিব?","Is following the Sunnah of the Prophet obligatory?","rasul s er sunnat palon kora ki wajib",Obligatory,Faith_and_Aqidah,"Wajib in commands","রাসূলের সুন্নত (তাঁর আদেশ) পালন করা ওয়াজিব।","Following the Prophetic commands is obligatory.","Whatever the Messenger gives you, take it, and whatever he forbids you, abstain from it","Quran 59:7","Quran",verified,"sunnat,obey prophet,wajib"
90,"আল্লাহর আইন মানা না করা কি কুফর?","Is rejecting Allah's law disbelief?","allah r ain mana na kora ki kufr",Faith_Violation,Faith_and_Aqidah,"Kufr (if rejection of Shariah)","শরিয়তকে অস্বীকার করা কুফর।","Rejecting Allah's law is disbelief.","And whoever does not judge by what Allah has revealed - then it is those who are the disbelievers","Quran 5:44","Quran",verified,"shariah,reject,kufr,allah law"
91,"হালাল রুজি উপার্জন করা কি ফরজ?","Is earning halal livelihood obligatory?","halal ruzi uparjon kora ki foroj",Obligatory,Business_and_Finance,"Fard (for family provision)","পরিবারের জন্য হালাল রুজি উপার্জন করা ফরজ।","Earning lawful livelihood for one's family is obligatory.","O you who have believed, eat from the good things which We have provided for you","Quran 2:172","Quran",verified,"halal ruzi,earning,livelihood"
92,"ঘুষ দেওয়া কি হারাম?","Is giving bribery forbidden?","ghush dewa ki haram",Forbidden,Business_and_Finance,"Haram","ঘুষ দেওয়া-নেওয়া উভয়ই হারাম।","Both giving and taking bribes are forbidden.","And do not consume one another's wealth unjustly","Quran 2:188","Quran",verified,"ghush,bribe,haram"
93,"কর্মক্ষেত্রে আমানত রক্ষা করা কি ফরজ?","Is safeguarding trust at work obligatory?","kormokhetre amanot rokkha kora ki foroj",Obligatory,Business_and_Finance,"Fard","আমানত রক্ষা করা ফরজ।","Safeguarding trust is obligatory.","Indeed, Allah commands you to render trusts to whom they are due","Quran 4:58","Quran",verified,"amanot,trust,work,foroj"
94,"সময়ের কাজ সময়ে করা কি ইসলামে গুরুত্বপূর্ণ?","Is doing work on time important in Islam?","somer kaj somoy kora ki islam e gurutto purno",Recommended,Social_Conduct,"Mustahabb / Sunnah","সময়ের মূল্যায়ন এবং সময়মতো কাজ করা ইসলামে উৎসাহিত।","Valuing time and punctuality is encouraged in Islam.","By time, indeed mankind is in loss","Quran 103:1","Quran",verified,"somo,time,punctuality,kaj"
95,"মিথ্যা প্রশংসা করা কি জায়েজ?","Is false praise permissible?","mittha proshongsha kora ki jayez",Disliked,Social_Conduct,"Makruh Tahrimi (near-Haram)","মিথ্যা প্রশংসা করা অনুচিত ও গুনাহ।","False praise is discouraged and sinful.","SEE_REFERENCE_SOURCE","Hadith on exaggeration in praise","Sahih_Bukhari",NEEDS_VERIFICATION,"mithya prashangsha,false praise"
96,"দৈনিক কাজের আগে বিসমিল্লাহ বলা কি মুস্তাহাব?","Is saying Bismillah before daily tasks recommended?","doinik kaje r age bismillah bola ki mustahab",Recommended,Social_Conduct,"Sunnah / Mustahabb","প্রতিটি ভালো কাজের শুরুতে বিসমিল্লাহ বলা সুন্নত।","Saying Bismillah before beneficial acts is sunnah.","Every important matter that does not begin with the remembrance of Allah is defective","Sunan Abi Dawood 4840","Abu_Dawood",verified,"bismillah,start,doinik kaj"
97,"ডান হাতে খাওয়া কি সুন্নত?","Is eating with the right hand sunnah?","dan hate khawa ki sunnat",Recommended,Food_and_Drink,"Sunnah Mu'akkadah","ডান হাতে খাওয়া সুন্নত এবং বাম হাতে খাওয়া মাকরুহ।","Eating with the right hand is sunnah; eating with the left is disliked.","When one of you eats, let him eat with his right hand","Sahih Muslim 2020","Sahih_Muslim",verified,"dan hat,right hand,eating,sunnat"
98,"বাম হাতে খাওয়া কি মাকরুহ?","Is eating with the left hand disliked?","bam hate khawa ki makruh",Disliked,Food_and_Drink,"Makruh Tanzihi","বাম হাতে খাওয়া মাকরুহ।","Eating with the left hand is disliked.","Do not eat with the left hand, for Satan eats with his left hand","Sahih Muslim 2019","Sahih_Muslim",verified,"bam hat,left hand,makruh,eating"
99,"খাবার নষ্ট করা কি হারাম?","Is wasting food forbidden?","khabar nosto kora ki haram",Disliked,Food_and_Drink,"Makruh Tahrimi (near-Haram for extravagance)","খাবার নষ্ট করা ইসলামে অপচয় এবং নিরুৎসাহিত।","Wasting food is disliked and considered extravagance.","And eat and drink, but be not excessive. Indeed, He likes not those who commit excess","Quran 7:31","Quran",verified,"khabar nosto,waste food,israf"
100,"ক্ষুধার্ত প্রতিবেশীকে না খাওয়ানো কি গুনাহ?","Is not feeding a hungry neighbor sinful?","kkhudharto protibeshike na khawa no ki gunah",Disliked,Social_Conduct,"Makruh Tahrimi (near-Haram)","ক্ষুধার্ত প্রতিবেশীকে খাওয়ানো গুরুত্বপূর্ণ; না দেওয়া কৃপণতা ও গুনাহ।","Failing to help a hungry neighbor is blameworthy.","He is not a believer whose stomach is filled while his neighbor goes hungry","Sahih al-Bukhari (Adab al-Mufrad 112)","Sahih_Bukhari",verified,"khudharto,protibeshi,hungry,neighbor"
101,"মুসলিম ভাইকে সালাম দেওয়া কি সুন্নত?","Is greeting a fellow Muslim with salam sunnah?","muslim bhai ke salam dewa ki sunnat",Recommended,Social_Conduct,"Sunnah Mu'akkadah","মুসলিমকে সালাম দেওয়া সুন্নত এবং উত্তর দেওয়া ওয়াজিব।","Greeting with salam is sunnah; replying is obligatory.","When you are greeted with a greeting, greet in return with one better than it or return it equally","Quran 4:86","Quran",verified,"salam,greeting,salam dewa"
102,"সালামের উত্তর দেওয়া কি ওয়াজিব?","Is replying to salam obligatory?","salam er uttor dewa ki wajib",Obligatory,Social_Conduct,"Wajib","সালামের উত্তর দেওয়া ওয়াজিব।","Replying to salam is obligatory.","When you are greeted with a greeting, greet in return with one better than it or return it equally","Quran 4:86","Quran",verified,"salam uttor,reply greeting"
103,"ইসলামে খেলাধুলা করা কি জায়েজ?","Is playing sports permissible in Islam?","khela dhula kora ki jayez",Permissible,Social_Conduct,"Mubah (with conditions)","শরিয়তের সীমার ভেতরে খেলাধুলা জায়েজ; স্বাস্থ্যরক্ষা ও শক্তি অর্জনের জন্য উত্তম।","Sports are permissible within Shariah limits; strength-building is encouraged.","And prepare against them whatever you are able of power","Quran 8:60","Quran",verified,"khela,sports,play,jayez"
104,"সাঁতার শেখা কি মুস্তাহাব?","Is learning swimming recommended?","satār shekha ki mustahab",Recommended,Social_Conduct,"Mustahabb","সাঁতার শেখা সুন্নত ও শারীরিক দক্ষতা হিসেবে উৎসাহিত।","Learning swimming is recommended as a beneficial skill.","Teach your children swimming, archery and horse riding","Sahih al-Bukhari (Adab al-Mufrad)","Sahih_Bukhari",NEEDS_VERIFICATION,"satar,swimming,shekha"
105,"অন্যকে তিরস্কার করা কি হারাম?","Is mocking or insulting others forbidden?","onnoke tiraskar kora ki haram",Forbidden,Social_Conduct,"Haram","তিরস্কার, উপহাস ও গালি দেওয়া হারাম।","Mocking, insulting, and cursing are forbidden.","Let not a people ridicule another people; perhaps they may be better than them","Quran 49:11","Quran",verified,"tiraskar,mock,insult,ridicule"
106,"উপহাস করা কি হারাম?","Is making fun of others forbidden?","upohash kora ki haram",Forbidden,Social_Conduct,"Haram","উপহাস করা হারাম।","Making fun of others is forbidden.","Let not a people ridicule another people...","Quran 49:11","Quran",verified,"upohash,ridicule,mock"
107,"কারো দোষ গোপন রাখা কি সওয়াবের কাজ?","Is concealing someone's fault rewarded?","karo dosh gopon rakha ki sowaber kaj",Recommended,Social_Conduct,"Mustahabb","মুসলিম ভাইয়ের দোষ গোপন রাখা সওয়াবের কাজ।","Concealing a fellow Muslim's fault is rewarded.","Whoever conceals the faults of a Muslim, Allah will conceal his faults in this world and the Hereafter","Sahih Muslim 2580","Sahih_Muslim",verified,"dosh gopon,conceal fault"
108,"কারো মৃত্যুতে শোক করা কি জায়েজ?","Is mourning the deceased permissible?","karo mrittute shok kora ki jayez",Permissible,Funeral_and_Mourning,"Mubah (3-day mourning for men, 4 months 10 days for widow)","শোক করা জায়েজ, তবে ইসলামী সীমার ভেতরে।","Mourning is permissible within Islamic limits.","SEE_REFERENCE_SOURCE","Hadith on mourning periods","Sahih_Bukhari",NEEDS_VERIFICATION,"shok,mourning,deceased"
109,"স্বামীর মৃত্যুর পর ইদ্দত পালন করা কি ফরজ?","Is observing iddah after husband's death obligatory?","swamir mrittur por iddot palon kora ki foroj",Obligatory,Family_and_Marriage,"Fard (definitive)","বিধবার ইদ্দত ৪ মাস ১০ দিন ফরজ।","Observing iddah (4 months 10 days) after husband's death is obligatory.","And those who are taken in death among you and leave wives behind - they wait for themselves four months and ten days","Quran 2:234","Quran",verified,"iddot,iddah,widow,husband death"
110,"তালাকের পর ইদ্দত পালন করা কি ফরজ?","Is observing iddah after divorce obligatory?","talaker por iddot palon kora ki foroj",Obligatory,Family_and_Marriage,"Fard (definitive)","তালাকের পর নারীর জন্য ইদ্দত (তিন মাসিক বা তিন মাস) ফরজ।","Observing iddah after divorce is obligatory.","Divorced women wait for themselves for three menstrual periods","Quran 2:228","Quran",verified,"iddot,talaq,divorce"
111,"দেনমোহর (মোহর) আদায় করা কি ফরজ?","Is paying mahr (dowry) obligatory?","denmohor muhor aday kora ki foroj",Obligatory,Family_and_Marriage,"Fard (definitive)","স্ত্রীকে মোহর দেওয়া ফরজ।","Giving mahr to the wife is obligatory.","And give the women [upon marriage] their [bridal] gifts graciously","Quran 4:4","Quran",verified,"mohr,mahr,denmohor,dowry"
112,"যৌতুক নেওয়া কি হারাম?","Is taking dowry from the bride forbidden?","joutuk neya ki haram",Forbidden,Family_and_Marriage,"Haram (social evil)","যৌতুক নেওয়া হারাম এবং সমাজে নিষিদ্ধ অন্যায়।","Demanding dowry from the bride is a forbidden social evil.","SEE_REFERENCE_SOURCE","General principles of justice and prohibition of oppression","Fiqh_Hanafi",NEEDS_VERIFICATION,"joutuk,dowry,haram"
113,"নবজাতকের আকিকা করা কি মুস্তাহাব?","Is performing aqiqah for a newborn recommended?","nobojatoker akika kora ki mustahab",Recommended,Family_and_Marriage,"Sunnah Mu'akkadah / Mustahabb","আকিকা করা সুন্নত ও সন্তানের জন্য ফজিলতপূর্ণ।","Aqiqah is a recommended sunnah for the newborn.","Every child is pledged for its aqiqah which is sacrificed on its behalf on the seventh day","Sunan Abi Dawood 2837","Abu_Dawood",verified,"akika,aqiqah,newborn"
114,"ছেলের খতনা করা কি সুন্নত?","Is circumcision for boys sunnah?","cheler khotna kora ki sunnat",Recommended,Family_and_Marriage,"Sunnah Mu'akkadah / Fitrah","খতনা পুরুষদের জন্য সুন্নত বা ফিতরাহের অংশ।","Circumcision is part of fitrah (natural disposition).","The fitrah is five things: circumcision, shaving the pubic hair...","Sahih al-Bukhari 5889","Sahih_Bukhari",verified,"khotna,circumcision,fitrah"
115,"সন্তানকে ইসলামী শিক্ষা দেওয়া কি ফরজ?","Is giving children Islamic education obligatory?","sontan ke islami shikkha dewa ki foroj",Obligatory,Family_and_Marriage,"Fard","সন্তানকে দ্বীনি শিক্ষা ও আদব শেখানো বাবা-মায়ের উপর ফরজ।","Teaching children religious education is obligatory on parents.","O you who have believed, protect yourselves and your families from a Fire whose fuel is people and stones","Quran 66:6","Quran",verified,"shikkha,children,islami education"
116,"স্ত্রীর সাথে সদ্ব্যবহার করা কি ফরজ?","Is treating one's wife kindly obligatory?","strir sathe sodbyabohar kora ki foroj",Obligatory,Family_and_Marriage,"Wajib / Fard","স্ত্রীর সাথে সদ্ব্যবহার করা ফরজ।","Treating one's wife kindly is obligatory.","And live with them in kindness","Quran 4:19","Quran",verified,"stri,wife,kindness,sodbyabohar"
117,"স্ত্রীর পছন্দ-অপছন্দের খেয়াল রাখা কি সুন্নত?","Is caring about wife's preferences sunnah?","strir pochondo-opochondo kheyal rakha ki sunnat",Recommended,Family_and_Marriage,"Sunnah","স্ত্রীর প্রতি যত্নশীল হওয়া রাসূলের সুন্নত।","Being caring toward one's wife is prophetic sunnah.","SEE_REFERENCE_SOURCE","Hadith on the Prophet's kindness to wives","Sahih_Bukhari",NEEDS_VERIFICATION,"stri,wife,care,sunnat"
118,"দ্বিতীয় বিয়ে করা কি জায়েজ?","Is marrying a second wife permissible?","ditio biye kora ki jayez",Permissible,Family_and_Marriage,"Mubah (with conditions)","নিজের স্ত্রীর প্রতি ন্যায়বিচার করতে পারলে দ্বিতীয় বিয়ে জায়েজ।","Marrying a second wife is permissible if justice can be maintained.","If you fear that you will not deal justly, then [marry only] one","Quran 4:3","Quran",verified,"ditio biye,second wife,polygamy"
119,"নামাজে খুশু-খুজু করা কি ফরজ?","Is having khushu in prayer obligatory?","namaje khushu khuju kora ki foroj",Recommended,Worship,"Mustahabb / highly recommended","খুশু-খুজু নামাজের প্রাণ; ফরজের ভেতরে পূর্ণ মনোযোগ মুস্তাহাব।","Khushu is the essence of prayer; full concentration is highly recommended.","Certainly will the believers have succeeded: they who are during their prayer humbly submissive","Quran 23:1-2","Quran",verified,"khushu,concentration,namaj"
120,"রাসূলের পরিবারের প্রতি ভালোবাসা কি ঈমানের অংশ?","Is loving the Prophet's family part of faith?","rasul er poribar er proti valobasha ki imaner ongsho",Obligatory,Faith_and_Aqidah,"Wajib","আহলে বাইতের প্রতি ভালোবাসা ঈমানের অঙ্গ।","Loving the Prophet's family is part of faith.","I remind you of Allah concerning my family","Sahih Muslim 2408","Sahih_Muslim",verified,"ahle bayt,family prophet"
121,"চার খলিফার প্রতি সম্মান করা কি ওয়াজিব?","Is honoring the four Caliphs obligatory?","char kholifar proti somman kora ki wajib",Obligatory,Faith_and_Aqidah,"Wajib","আবু বকর, উমর, উসমান, আলী (রা.)-এর প্রতি সম্মান ও ভালোবাসা ওয়াজিব।","Honoring the four rightly guided caliphs is obligatory.","Hold fast to my sunnah and the sunnah of the rightly guided caliphs","Sunan Abi Dawood 4607","Abu_Dawood",verified,"abu bakr,umar,uthman,ali,kholifa"
122,"হযরত আবু বকর (রা.) কে ভালোবাসা কি ঈমানের পরিচায়ক?","Is loving Abu Bakr (RA) a sign of faith?","abu bakr r ke valobasha ki imaner porichay",Obligatory,Faith_and_Aqidah,"Wajib","আবু বকর (রা.)-কে ভালোবাসা ঈমানের নিদর্শন।","Loving Abu Bakr is a sign of faith.","If I had taken a friend other than Allah, I would have taken Abu Bakr","Sahih al-Bukhari 3656","Sahih_Bukhari",verified,"abu bakr,khalifa,love"
123,"হযরত উমর (রা.)-এর শাসন সম্পর্কে জানা কি উত্তম?","Is learning about Umar (RA)'s governance recommended?","umar r er shashon somporke jana ki uttom",Recommended,Faith_and_Aqidah,"Mustahabb","উমর (রা.)-এর ন্যায়বিচার ও শাসন জানা শিক্ষণীয়।","Learning about Umar's just governance is beneficial.","If there were to be a prophet after me, it would be Umar","Sunan al-Tirmidhi 3693","Tirmidhi",verified,"umar,khalifa,justice"
124,"হযরত উসমান (রা.)-এর লজ্জাশীলতা কি প্রশংসনীয়?","Is the modesty of Uthman (RA) praiseworthy?","usman r er lojjashilota ki proshongshonio",Recommended,Faith_and_Aqidah,"Mustahabb to mention","উসমান (রা.)-এর লজ্জাশীলতা রাসূল কর্তৃক প্রশংসিত।","The modesty of Uthman was praised by the Prophet.","Should I not be shy of a man whom the angels are shy of?","Sahih Muslim 2401","Sahih_Muslim",verified,"usman,modesty,shy"
125,"হযরত আলী (রা.)-এর জ্ঞান কি উচ্চমানের?","Was the knowledge of Ali (RA) of high rank?","ali r er gyan ki uchmaner",Recommended,Faith_and_Aqidah,"Mustahabb to mention","আলী (রা.)-এর জ্ঞান সম্পর্কে রাসূল প্রশংসা করেছেন।","The Prophet praised Ali's knowledge.","I am the city of knowledge and Ali is its gate","Sunan al-Tirmidhi 3723","Tirmidhi",NEEDS_VERIFICATION,"ali,knowledge,gyan"
126,"হযরত ফাতিমা (রা.)-কে ভালোবাসা কি ঈমানের অংশ?","Is loving Fatimah (RA) part of faith?","fatima r ke valobasha ki imaner ongsho",Obligatory,Faith_and_Aqidah,"Wajib","ফাতিমা (রা.)-কে ভালোবাসা রাসূলের সুন্নত।","Loving Fatimah is beloved to the Prophet.","Fatimah is a part of me, so whoever angers her angers me","Sahih al-Bukhari 3714","Sahih_Bukhari",verified,"fatima,prophet daughter"
127,"হযরত হাসান ও হুসাইন (রা.)-কে ভালোবাসা কি সুন্নত?","Is loving Hasan and Husayn (RA) sunnah?","hasan husain ke valobasha ki sunnat",Recommended,Family_and_Marriage,"Sunnah","হাসান ও হুসাইন (রা.)-কে ভালোবাসা সুন্নত।","Loving Hasan and Husayn is sunnah.","Hasan and Husayn are the leaders of the youth of Paradise","Sunan al-Tirmidhi 3768","Tirmidhi",verified,"hasan,husain,ahlul bayt"
128,"কিয়ামতের দিনের প্রতি বিশ্বাস রাখা কি ফরজ?","Is belief in the Day of Judgment obligatory?","kiyamer din er proti biswas rakha ki foroj",Obligatory,Faith_and_Aqidah,"Fard (definitive)","কিয়ামতের দিনের উপর ঈমান আনা ফরজ।","Belief in the Last Day is obligatory.","And those who believe in the Hereafter believe in it","Quran 2:4","Quran",verified,"kiyamot,akherat,last day"
129,"জান্নাত পেতে হলে কি কি আমল করতে হয়?","What deeds lead to Paradise?","jannat pete hole ki ki amol korte hoy",Obligatory,Faith_and_Aqidah,"Fard (foundational deeds)","ঈমান ও সৎকর্ম জান্নাতের চাবি।","Faith and righteous deeds are the key to Paradise.","And give good tidings to those who believe and do righteous deeds that they will have gardens...","Quran 2:25","Quran",verified,"jannat,deeds,righteous"
130,"জাহান্নাম থেকে বাঁচতে কী করা ফরজ?","What is obligatory to avoid Hellfire?","jahannam theke bachte ki kora foroj",Obligatory,Faith_and_Aqidah,"Fard (avoid shirk and major sins)","শিরক ও কবিরা গুনাহ থেকে বাঁচা ফরজ।","Avoiding shirk and major sins is obligatory to escape Hellfire.","Indeed, Allah does not forgive association with Him...","Quran 4:48","Quran",verified,"jahannam,save,shirk"
131,"সকল নবীর প্রতি ঈমান আনা কি ফরজ?","Is belief in all prophets obligatory?","sokol nobir proti iman ana ki foroj",Obligatory,Faith_and_Aqidah,"Fard (definitive)","সকল নবীর প্রতি ঈমান আনা ফরজ।","Belief in all prophets is obligatory.","The Messenger has believed in what was revealed to him from his Lord, and [so have] the believers... all of them believe in Allah and His angels and His books and His messengers","Quran 2:285","Quran",verified,"nabi,prophet,iman"
132,"হযরত আদম (আ.)-কে জানা কি ঈমানের অংশ?","Is knowing Adam (AS) part of faith?","adam a ke jana ki imaner ongsho",Obligatory,Faith_and_Aqidah,"Fard (belief in all prophets)","আদম (আ.)-কে নবী হিসেবে বিশ্বাস করা ফরজ।","Belief in Adam as a prophet is obligatory.","Indeed, Allah chose Adam and Noah and the family of Abraham and the family of Imran over the worlds","Quran 3:33","Quran",verified,"adam,nabi"
133,"হযরত ইব্রাহিম (আ.)-এর জীবনী জানা কি উত্তম?","Is learning about Ibrahim (AS) recommended?","ibrahim a er jiboni jana ki uttom",Recommended,Faith_and_Aqidah,"Mustahabb","ইব্রাহিম (আ.)-এর জীবনী কুরআনে বিস্তারিত এবং শিক্ষণীয়।","The story of Ibrahim is detailed in the Quran and instructive.","Indeed, Abraham was a [comprehensive] leader, devoutly obedient to Allah","Quran 16:120","Quran",verified,"ibrahim,prophet,story"
134,"হযরত মুসা (আ.)-এর ঘটনা জানা কি শিক্ষণীয়?","Is learning about Musa (AS) beneficial?","musa a er ghotona jana ki shikkhonio",Recommended,Faith_and_Aqidah,"Mustahabb","মুসা (আ.)-এর ঘটনা কুরআনে বহুবার বর্ণিত ও শিক্ষণীয়।","The story of Musa is frequently mentioned in the Quran and is beneficial.","And mention in the Book, Moses. Indeed, he was chosen, and he was a messenger and a prophet","Quran 19:51","Quran",verified,"musa,moses,story"
135,"হযরত ঈসা (আ.)-এর প্রতি বিশ্বাস রাখা কি ফরজ?","Is believing in Isa (AS) obligatory?","isa a er proti biswas rakha ki foroj",Obligatory,Faith_and_Aqidah,"Fard (definitive)","ঈসা (আ.)-কে নবী হিসেবে বিশ্বাস করা ফরজ।","Belief in Isa as a prophet of Allah is obligatory.","Indeed, I am the servant of Allah. He has given me the Scripture and made me a prophet","Quran 19:30","Quran",verified,"isa,jesus,prophet"
136,"হযরত নূহ (আ.)-এর ধৈর্য সম্পর্কে জানা কি উত্তম?","Is learning about the patience of Nuh (AS) recommended?","nuh a er dhorjo somporke jana ki uttom",Recommended,Faith_and_Aqidah,"Mustahabb","নূহ (আ.)-এর ধৈর্য ও দাওয়াত শিক্ষণীয়।","The patience and dawah of Nuh are instructive.","And We certainly sent Noah to his people, and he remained among them a thousand years minus fifty years","Quran 29:14","Quran",verified,"nuh,noah,patience"
137,"হযরত ইউসুফ (আ.)-এর সৌন্দর্য ও চরিত্র জানা কি উত্তম?","Is learning about Yusuf (AS)'s character recommended?","yusuf a er soundorjo o choritro jana ki uttom",Recommended,Faith_and_Aqidah,"Mustahabb","ইউসুফ (আ.)-এর চরিত্র কুরআনে বর্ণিত উত্তম আদর্শ।","The character of Yusuf is an excellent example in the Quran.","Indeed, Yusuf came to you with clear proofs before","Quran 40:34","Quran",verified,"yusuf,joseph,character"
138,"হযরত দাউদ (আ.)-এর কণ্ঠ ও জাবুর জানা কি উত্তম?","Is learning about Dawud (AS)'s Psalms recommended?","dawud a er kantho o jabur jana ki uttom",Recommended,Faith_and_Aqidah,"Mustahabb","দাউদ (আ.)-কে জাবুর কিতাব দেওয়া হয়েছিল।","Dawud was given the Zabur (Psalms).","And to David We gave the book [of Psalms]","Quran 17:55","Quran",verified,"dawud,david,jabur"
139,"হযরত সুলাইমান (আ.)-এর রাজত্ব জানা কি শিক্ষণীয়?","Is learning about Sulayman (AS)'s kingdom instructive?","sulaiman a er rajjotto jana ki shikkhonio",Recommended,Faith_and_Aqidah,"Mustahabb","সুলাইমান (আ.)-এর রাজত্ব ও প্রজ্ঞা কুরআনে বর্ণিত।","The kingdom and wisdom of Sulayman are mentioned in the Quran.","And to David We gave Solomon. An excellent servant, indeed he was one repeatedly turning back [to Allah]","Quran 38:30","Quran",verified,"sulaiman,solomon,kingdom"
140,"হযরত আইয়ুব (আ.)-এর ধৈর্য জানা কি উত্তম?","Is learning about the patience of Ayyub (AS) recommended?","ayub a er dhorjo jana ki uttom",Recommended,Faith_and_Aqidah,"Mustahabb","আইয়ুব (আ.)-এর ধৈর্য অসাধারণ আদর্শ।","The patience of Ayyub is an excellent example.","Indeed, We found him patient, an excellent servant. Indeed, he was one repeatedly turning back [to Allah]","Quran 38:44","Quran",verified,"ayub,job,patience"
141,"আল্লাহর ৯৯টি নাম জানা কি ফজিলতপূর্ণ?","Is knowing Allah's 99 names meritorious?","allah r 99 nam jana ki fozilotpurno",Recommended,Faith_and_Aqidah,"Mustahabb","আল্লাহর নামসমূহ জানা ও তাতে দোয়া করা ফজিলতপূর্ণ।","Knowing Allah's names and calling upon Him through them is meritorious.","And to Allah belong the best names, so invoke Him by them","Quran 7:180","Quran",verified,"allah nam,asmaul husna,99 names"
142,"আল্লাহর ভয় করা কি ফরজ?","Is fearing Allah obligatory?","allah r bhoy kora ki foroj",Obligatory,Faith_and_Aqidah,"Fard (in balance with hope)","আল্লাহকে ভয় করা এবং আশা রাখা ঈমানের অংশ।","Fearing Allah along with hope is part of faith.","So fear them not, but fear Me, if you are [indeed] believers","Quran 3:175","Quran",verified,"bhoy,taqwa,allah"
143,"তাকওয়া অবলম্বন করা কি ফরজ?","Is adopting taqwa (God-consciousness) obligatory?","takwa obolombon kora ki foroj",Obligatory,Faith_and_Aqidah,"Fard (definitive)","তাকওয়া বা আল্লাহভীতি অর্জন করা ফরজ।","Attaining taqwa (God-consciousness) is obligatory.","O you who have believed, fear Allah as He should be feared","Quran 3:102","Quran",verified,"takwa,taqwa,god consciousness"
144,"তওবা করা কি ফরজ?","Is repentance obligatory?","toba kora ki foroj",Obligatory,Faith_and_Aqidah,"Fard (immediate)","গুনাহ থেকে তওবা করা ফরজ এবং বিলম্ব করা গুনাহ।","Repentance from sins is obligatory and delaying it is sinful.","And turn to Allah in repentance, all of you, O believers, that you might succeed","Quran 24:31","Quran",verified,"toba,repentance,tawbah"
145,"ইস্তিগফার করা কি মুস্তাহাব?","Is seeking forgiveness (istighfar) recommended?","istegfar kora ki mustahab",Recommended,Faith_and_Aqidah,"Mustahabb","ইস্তিগফার করা অত্যন্ত ফজিলতপূর্ণ ও মুস্তাহাব।","Seeking Allah's forgiveness is highly recommended.","And seek forgiveness of your Lord and repent to Him","Quran 11:3","Quran",verified,"istegfar,astaghfirullah,forgiveness"
146,"আল্লাহর উপর ভরসা (তাওয়াক্কুল) করা কি ফরজ?","Is placing trust in Allah (tawakkul) obligatory?","allah r upor bhorosa tawakkul kora ki foroj",Obligatory,Faith_and_Aqidah,"Fard (definitive)","আল্লাহর উপর ভরসা করা ঈমানের দাবি।","Trust in Allah is a requirement of faith.","And upon Allah rely, if you should be believers","Quran 5:23","Quran",verified,"tawakkul,bhorosa,trust allah"
147,"ভাগ্যে বিশ্বাস করা কি ফরজ?","Is belief in divine decree (qadr) obligatory?","bhagg e biswas kora ki foroj",Obligatory,Faith_and_Aqidah,"Fard (definitive)","তাকদিরের ভালো-মন্দের উপর বিশ্বাস ফরজ।","Belief in qadr, its good and bad, is obligatory.","Indeed, all things We created with predestination","Quran 54:49","Quran",verified,"taqdir,qadr,fate"
148,"মৃত্যুর পর পুনরুত্থান কি সত্য?","Is resurrection after death true?","mrittur por punorutthan ki sotto",Obligatory,Faith_and_Aqidah,"Fard (definitive belief)","মৃত্যুর পর পুনরুত্থান সত্য এবং ঈমানের অংশ।","Resurrection after death is true and part of faith.","From it We created you, and into it We will return you, and from it We will extract you another time","Quran 20:55","Quran",verified,"punorutthan,resurrection,akherat"
149,"কবরের আজাব সত্য কি?","Is the punishment of the grave true?","koborer ajab sotto ki",Obligatory,Faith_and_Aqidah,"Fard (belief)","কবরের আজাব সত্য এবং এর উপর বিশ্বাস ফরজ।","Belief in the punishment of the grave is obligatory.","SEE_REFERENCE_SOURCE","Hadith on grave punishment","Sahih_Bukhari",NEEDS_VERIFICATION,"kobor,grave,ajab,punishment"
150,"জান্নাতের হুরদের ব্যাপারে বিশ্বাস কি ফরজ?","Is belief in the houris of Paradise obligatory?","jannater huder byapare biswas ki foroj",Obligatory,Faith_and_Aqidah,"Fard (general belief in Paradise blessings)","জান্নাতের নেয়ামতের অংশ হিসেবে হুরদের প্রতি বিশ্বাস ফরজ।","Belief in the blessings of Paradise, including houris, is part of faith.","And [for them are] fair women with large, [beautiful] eyes","Quran 44:54","Quran",verified,"hur,houri,jannat"
151,"জাহান্নামের আগুন সত্য কি?","Is the Fire of Hell true?","jahannamer agun sotto ki",Obligatory,Faith_and_Aqidah,"Fard (belief)","জাহান্নামের আগুন সত্য এবং এর উপর বিশ্বাস ফরজ।","Belief in the Fire of Hell is obligatory.","The fire of Allah, [eternally] fueled, which mounts directed at the hearts","Quran 104:6-7","Quran",verified,"jahannam,hell,fire"
152,"পুলসিরাত সত্য কি?","Is the Sirat bridge true?","pul sirat sotto ki",Obligatory,Faith_and_Aqidah,"Fard (belief)","পুলসিরাত কিয়ামতের দিনের একটি বাস্তব পর্যায়।","The Sirat is a real stage on the Day of Judgment.","SEE_REFERENCE_SOURCE","Hadith on the Sirat","Sahih_Bukhari",NEEDS_VERIFICATION,"pul sirat,sirat,bridge"
153,"মিযান (দাঁড়িপাল্লা) সত্য কি?","Is the Mizan (scale of deeds) true?","mizan daripalla sotto ki",Obligatory,Faith_and_Aqidah,"Fard (belief)","মিযান বা আমল ওজনের পাল্লা সত্য।","The Mizan (scale of deeds) is true.","And We place the scales of justice for the Day of Resurrection","Quran 21:47","Quran",verified,"mizan,scale,deeds"
154,"শাফায়াত (সুপারিশ) সত্য কি?","Is intercession (shafa'ah) true?","shafayat supariś sotto ki",Obligatory,Faith_and_Aqidah,"Fard (general belief)","রাসূলের শাফায়াত সত্য, তবে আল্লাহর অনুমতি সাপেক্ষে।","The Prophet's intercession is true, subject to Allah's permission.","Who is it that can intercede with Him except by His permission?","Quran 2:255","Quran",verified,"shafaah,intercession,rasul"
155,"দাজ্জালের আবির্ভাব সত্য কি?","Is the emergence of Dajjal true?","dajjal er abirbhab sotto ki",Obligatory,Faith_and_Aqidah,"Fard (belief)","দাজ্জালের আগমন সত্য।","The emergence of Dajjal is true.","SEE_REFERENCE_SOURCE","Hadith on Dajjal","Sahih_Muslim",NEEDS_VERIFICATION,"dajjal,anti christ"
156,"ইমাম মাহদীর আগমন সত্য কি?","Is the coming of Imam Mahdi true?","imam mahdir agomon sotto ki",Obligatory,Faith_and_Aqidah,"Sunnah-based belief","ইমাম মাহদীর আগমন সম্পর্কে বিশুদ্ধ হাদিস আছে।","Authentic hadiths mention the coming of Imam Mahdi.","SEE_REFERENCE_SOURCE","Hadith on Mahdi","Abu_Dawood",NEEDS_VERIFICATION,"mahdi,imam mahdi"
157,"ঈসা (আ.)-এর অবতরণ সত্য কি?","Is the descent of Isa (AS) true?","isa a er obotoron sotto ki",Obligatory,Faith_and_Aqidah,"Fard (belief)","ঈসা (আ.)-এর অবতরণ কিয়ামতের পূর্বে সংঘটিত হবে।","The descent of Isa before the Hour is true.","And indeed, he [Isa] will be [a sign for] knowledge of the Hour","Quran 43:61","Quran",verified,"isa descent,jesus return"
158,"ইসলামের পাঁচ স্তম্ভের প্রতি বিশ্বাস কি ফরজ?","Is belief in the five pillars obligatory?","islamer panch stombher proti biswas ki foroj",Obligatory,Faith_and_Aqidah,"Fard (definitive)","ইসলামের পাঁচ স্তম্ভ মানা ফরজ।","Accepting the five pillars of Islam is obligatory.","Islam is based on five principles...","Sahih al-Bukhari 8","Sahih_Bukhari",verified,"five pillars,islam,panch stombho"
159,"ঈমানের সাতটি বিষয় কী কী?","What are the seven articles of faith?","imaner sat ti bishoy ki ki",Obligatory,Faith_and_Aqidah,"Fard (definitive)","ঈমানের সাতটি বিষয় জানা ও বিশ্বাস করা ফরজ।","Knowing and believing in the articles of faith is obligatory.","The Messenger has believed in what was revealed...","Quran 2:285","Quran",verified,"iman,articles of faith,seven"
160,"সালাত (নামাজ) প্রতিষ্ঠা করা কি ফরজ?","Is establishing Salah obligatory?","salat namaj protistha kora ki foroj",Obligatory,Worship,"Fard (definitive)","নামাজ প্রতিষ্ঠা করা ফরজ।","Establishing prayer is obligatory.","And establish prayer and give zakah","Quran 2:43","Quran",verified,"salat,establish,namaj"
161,"সিয়াম (রোজা) প্রতিষ্ঠা করা কি ফরজ?","Is establishing fasting obligatory?","siyam roja protistha kora ki foroj",Obligatory,Worship,"Fard (definitive)","রোজা রাখা ফরজ।","Fasting is obligatory.","O you who have believed, fasting is prescribed for you...","Quran 2:183","Quran",verified,"siyam,fasting,roja"
162,"জাকাত আদায় করা কি ফরজ?","Is paying Zakat obligatory?","zakat aday kora ki foroj",Obligatory,Worship,"Fard (definitive)","জাকাত আদায় করা ফরজ।","Paying Zakat is obligatory.","And establish prayer and give zakah","Quran 2:43","Quran",verified,"zakat,pay,foroj"
163,"হজ্জ করা কি ফরজ (সক্ষমদের জন্য)?","Is Hajj obligatory for the able?","hajj kora ki foroj sokkhomder jonno",Obligatory,Worship,"Fard (once in lifetime)","সক্ষমদের জন্য হজ্জ ফরজ।","Hajj is obligatory once for those able.","Pilgrimage to the House is a duty owed to Allah by mankind for him who can find a way","Quran 3:97","Quran",verified,"hajj,able,foroj"
164,"শাহাদাহ্ পাঠ করা কি ফরজ?","Is reciting the Shahadah obligatory?","shahadah path kora ki foroj",Obligatory,Faith_and_Aqidah,"Fard (entry into Islam)","ইসলামে প্রবেশের জন্য শাহাদাহ্ পাঠ ফরজ।","Reciting the Shahadah is obligatory to enter Islam.","There is no deity except Allah, and Muhammad is the Messenger of Allah","Sahih Muslim 16","Sahih_Muslim",verified,"shahadah,kalima,la ilaha"
165,"আল্লাহ ছাড়া কোনো উপাস্য নেই — এ কথায় বিশ্বাস কি ফরজ?","Is belief in 'no god but Allah' obligatory?","allah chara kono upasya nei e kothay biswas ki foroj",Obligatory,Faith_and_Aqidah,"Fard (definitive)","তাওহিদে বিশ্বাস ফরজ।","Belief in the oneness of Allah is obligatory.","So know, [O Muhammad], that there is no deity except Allah","Quran 47:19","Quran",verified,"tawhid,la ilaha,oneness"
166,"মুহাম্মদ (সা.) শেষ নবী — এতে বিশ্বাস কি ফরজ?","Is belief in Muhammad (PBUH) as the final prophet obligatory?","muhammad s sesh nobi ete biswas ki foroj",Obligatory,Faith_and_Aqidah,"Fard (definitive)","রাসূল (সা.) শেষ নবী, এতে বিশ্বাস ফরজ।","Belief in the finality of prophethood is obligatory.","Muhammad is not the father of any of your men, but [he is] the Messenger of Allah and seal of the prophets","Quran 33:40","Quran",verified,"khatam nabiyyin,final prophet,muhammad"
167,"কুরআন আল্লাহর বাণী — এতে বিশ্বাস কি ফরজ?","Is belief in the Quran as Allah's word obligatory?","quran allah r bani ete biswas ki foroj",Obligatory,Faith_and_Aqidah,"Fard (definitive)","কুরআন আল্লাহর কালাম — এতে বিশ্বাস ফরজ।","Belief in the Quran as the word of Allah is obligatory.","And this is a Book which We have sent down, blessed","Quran 6:92","Quran",verified,"quran,kalam,word of allah"
168,"ফেরেশতাদের প্রতি বিশ্বাস কি ফরজ?","Is belief in angels obligatory?","fereshtader proti biswas ki foroj",Obligatory,Faith_and_Aqidah,"Fard (definitive)","ফেরেশতাদের উপর বিশ্বাস ফরজ।","Belief in the angels is obligatory.","Whoever disbelieves in Allah, His angels, His books...","Quran 4:136","Quran",verified,"fereshta,angels,malaikah"
169,"আসমানি কিতাবসমূহে বিশ্বাস কি ফরজ?","Is belief in the revealed books obligatory?","asmani kitab somuhe biswas ki foroj",Obligatory,Faith_and_Aqidah,"Fard (definitive)","সব আসমানি কিতাবে বিশ্বাস ফরজ।","Belief in all revealed books is obligatory.","Whoever disbelieves in Allah, His angels, His books...","Quran 4:136","Quran",verified,"kitab,revealed books"
170,"ভাগ্য (তাকদির) বিশ্বাস করা কি ফরজ?","Is belief in predestination obligatory?","bhaggo takdir biswas kora ki foroj",Obligatory,Faith_and_Aqidah,"Fard (definitive)","তাকদিরে বিশ্বাস ফরজ।","Belief in predestination is obligatory.","Indeed, all things We created with predestination","Quran 54:49","Quran",verified,"taqdir,predestination,qadr"
171,"ইসলাম গ্রহণ করা কি ফরজ?","Is accepting Islam obligatory?","islam grohon kora ki foroj",Obligatory,Faith_and_Aqidah,"Fard (for every human)","প্রত্যেক মানুষের জন্য ইসলাম গ্রহণ ফরজ।","Accepting Islam is obligatory for every human being.","And whoever desires other than Islam as religion - never will it be accepted from him","Quran 3:85","Quran",verified,"islam,convert,religion"
172,"হালাল উপার্জনের চেষ্টা করা কি ফরজ?","Is striving for halal earnings obligatory?","halal uparjoner chesta kora ki foroj",Obligatory,Business_and_Finance,"Fard (for livelihood)","পরিবারের জন্য হালাল উপার্জনের চেষ্টা ফরজ।","Striving for halal earnings is obligatory.","And that there is not for man except that [good] for which he strives","Quran 53:39","Quran",verified,"halal,earning,strive"
173,"মিথ্যা শপথ করা কি হারাম?","Is making a false oath forbidden?","mittha shopt h kora ki haram",Forbidden,Oaths_and_Vows,"Haram (major sin)","মিথ্যা শপথ কবিরা গুনাহ।","A false oath is a major sin.","And do not make [your oath by] Allah an excuse against being righteous","Quran 2:224","Quran",verified,"mittha shopoth,false oath"
174,"পিতামাতাকে গালি দেওয়া কি হারাম?","Is cursing one's parents forbidden?","pitamatake gali dewa ki haram",Forbidden,Family_and_Marriage,"Haram (major sin)","পিতামাতাকে গালি দেওয়া মহাপাপ।","Cursing one's parents is a major sin.","One of the major sins is a man cursing his parents","Sahih al-Bukhari 5973","Sahih_Bukhari",verified,"gali,parents,curse"
175,"প্রতিবেশীর অনাহারে থাকা অবস্থায় পেট ভরে খাওয়া কি গুনাহ?","Is eating to fullness while a neighbor is hungry sinful?","protibeshir onahare thaka abosthay pet vore khawa ki gunah",Disliked,Social_Conduct,"Makruh Tahrimi (near-Haram)","প্রতিবেশী ক্ষুধার্ত থাকা সত্ত্বেও পেট ভরে খাওয়া নিন্দনীয়।","Eating to fullness while a neighbor is hungry is blameworthy.","He is not a believer whose stomach is filled while his neighbor goes hungry","Sahih al-Bukhari (Adab al-Mufrad 112)","Sahih_Bukhari",verified,"protibeshi,neighbor,hungry"
176,"অতিথিকে খেতে দেওয়া কি সুন্নত?","Is serving food to a guest sunnah?","otithike khete dewa ki sunnat",Recommended,Social_Conduct,"Sunnah","অতিথিকে খাওয়ানো সুন্নত।","Serving food to a guest is sunnah.","Whoever believes in Allah and the Last Day should be generous to his guest","Sahih al-Bukhari 6018","Sahih_Bukhari",verified,"otithi,guest,food"
177,"রোগী দেখতে যাওয়া কি মুস্তাহাব?","Is visiting the sick recommended?","rogi dekhte jawa ki mustahab",Recommended,Social_Conduct,"Mustahabb / Sunnah","রোগী দেখতে যাওয়া সুন্নত ও সওয়াবের কাজ।","Visiting the sick is sunnah and rewarded.","Feed the hungry, visit the sick, and free the captive","Sahih al-Bukhari 3046","Sahih_Bukhari",verified,"rogi,sick,visit"
178,"মুসলিম ভাইয়ের প্রতি হাসি মুখে থাকা কি সদকা?","Is smiling at a fellow Muslim charity?","muslim bhai er proti hasi mukhe thaka ki sodka",Recommended,Social_Conduct,"Mustahabb","মুসলিম ভাইয়ের প্রতি হাসি মুখে থাকা সদকা।","Smiling at a fellow Muslim is charity.","Your smiling in the face of your brother is charity","Sunan al-Tirmidhi 1956","Tirmidhi",verified,"hasi,smile,sodka"
179,"মুসলিমের প্রতি কষ্ট দেওয়া কি হারাম?","Is causing harm to a Muslim forbidden?","muslim er proti kosto dewa ki haram",Forbidden,Social_Conduct,"Haram","মুসলিমের প্রতি কষ্ট দেওয়া হারাম।","Causing harm to a Muslim is forbidden.","Whoever harms [others], Allah will harm him","Sunan Abi Dawood 4907","Abu_Dawood",verified,"kosto,harm,muslim"
180,"অন্যের সম্পদ অন্যায়ভাবে নেওয়া কি হারাম?","Is taking another's property unjustly forbidden?","onner shompotti onyaybhabe neya ki haram",Forbidden,Social_Conduct,"Haram","অন্যায়ভাবে অন্যের সম্পদ নেওয়া হারাম।","Taking another's property unjustly is forbidden.","And do not consume one another's wealth unjustly","Quran 2:188","Quran",verified,"shompotti,property,unjust"
181,"হালাল মুরগি জবাই করা কি শর্ত?","Is proper slaughter of chicken required?","halal murgi jobai kora ki shorto",Obligatory,Food_and_Drink,"Condition for permissibility","হালাল মুরগির মাংসের জন্য জবাই শর্ত।","Proper slaughter is a condition for chicken to be halal.","except what you [are able to] slaughter [before its death]","Quran 5:3","Quran",verified,"murgi,chicken,jobai,slaughter"
182,"হালাল খাবার খাওয়া কি ফরজ?","Is eating halal food obligatory?","halal khabar khawa ki foroj",Obligatory,Food_and_Drink,"Fard (avoiding haram)","হালাল খাবার খাওয়া এবং হারাম এড়ানো ফরজ।","Eating halal and avoiding haram is obligatory.","O mankind, eat from whatever is on earth [that is] lawful and good","Quran 2:168","Quran",verified,"halal food,haram avoid"
183,"নেশাজাতীয় দ্রব্য সেবন করা কি হারাম?","Is consuming intoxicants forbidden?","nesha jatio droubo sebron kora ki haram",Forbidden,Food_and_Drink,"Haram (definitive)","নেশাদ্রব্য হারাম।","Intoxicants are forbidden.","Intoxicants... are but defilement from the work of Satan","Quran 5:90","Quran",verified,"nesha,intoxicant,drug"
184,"গান-বাজনা করা কি হারাম?","Is music forbidden?","gan bajna kora ki haram",Disliked,Social_Conduct,"Makruh Tahrimi (majority view: haram)","গান-বাজনা নিয়ে উলামাদের মতভেদ আছে; অধিকাংশ কঠোর নিষেধের দিকে গেছেন।","Music is disputed; majority consider it forbidden.","SEE_REFERENCE_SOURCE","Sahih al-Bukhari on musical instruments","Sahih_Bukhari",NEEDS_VERIFICATION,"gan,bajna,music"
185,"জুয়া খেলা কি হারাম?","Is gambling forbidden?","jua khela ki haram",Forbidden,Business_and_Finance,"Haram (definitive)","জুয়া হারাম।","Gambling is forbidden.","Intoxicants, gambling... are but defilement from the work of Satan, so avoid it","Quran 5:90","Quran",verified,"jua,gambling,haram"
186,"মিথ্যা প্রচার করা কি হারাম?","Is spreading falsehood forbidden?","mittha prochar kora ki haram",Forbidden,Social_Conduct,"Haram","মিথ্যা প্রচার হারাম।","Spreading falsehood is forbidden.","Why, when you heard it, did not the believing men and believing women think good of one another?","Quran 24:12","Quran",verified,"mittha prochar,falsehood,spread"
187,"অপবাদ দেওয়া কি হারাম?","Is slandering forbidden?","opobad dewa ki haram",Forbidden,Social_Conduct,"Haram (major sin)","অপবাদ দেওয়া মারাত্মক গুনাহ।","Slandering is a severe sin.","And those who accuse chaste women and then do not produce four witnesses - lash them with eighty lashes","Quran 24:4","Quran",verified,"opobad,slander,accusation"
188,"সুদবিহীন লেনদেন করা কি জায়েজ?","Is interest-free transaction permissible?","sud bihin len den kora ki jayez",Permissible,Business_and_Finance,"Mubah / Recommended","সুদবিহীন লেনদেন জায়েজ ও উত্তম।","Interest-free transactions are permissible and preferred.","Allah has permitted trade and forbidden interest","Quran 2:275","Quran",verified,"sud bihin,trade,interest free"
189,"করোনার সময় মসজিদ বন্ধ রাখা কি জায়েজ?","Is closing mosques during a pandemic permissible?","coronar somoy mosjid bondho rakha ki jayez",Permissible,Worship,"Mubah (for necessity)","জীবন রক্ষার স্বার্থে সংক্রামক রোগে সাময়িক বিধিনিষেধ জায়েজ।","Temporary restrictions during pandemics are permissible to preserve life.","And do not kill yourselves","Quran 4:29","Quran",verified,"corona,mosjid,pandemic"
190,"মহামারীর সময় দোয়া করা কি মুস্তাহাব?","Is making dua during a pandemic recommended?","mohamarir somoy doya kora ki mustahab",Recommended,Social_Conduct,"Mustahabb","মহামারী থেকে বাঁচতে দোয়া ও তওবা করা উত্তম।","Dua and repentance during epidemics are recommended.","Call upon Me; I will respond to you","Quran 40:60","Quran",verified,"mohamari,dua,pandemic"
191,"আল্লাহর উপর ধৈর্য ধারণ করা কি ফরজ?","Is having patience upon trials obligatory?","allah r upor dhorjo dharon kora ki foroj",Obligatory,Faith_and_Aqidah,"Fard","মুসিবতে ধৈর্য ধারণ করা ফরজ।","Patience during trials is obligatory.","And seek help through patience and prayer","Quran 2:45","Quran",verified,"dhorjo,patience,sabr"
192,"শোকর আদায় করা কি ফরজ?","Is being grateful to Allah obligatory?","shokor aday kora ki foroj",Obligatory,Faith_and_Aqidah,"Fard (in general)","আল্লাহর শোকর আদায় করা ফরজ।","Gratitude to Allah is obligatory.","So remember Me; I will remember you. And be grateful to Me and do not deny Me","Quran 2:152","Quran",verified,"shokor,gratitude,thanks"
193,"নবজাতকের ডান কানে আজান দেওয়া কি সুন্নত?","Is giving adhan in the right ear of a newborn sunnah?","nobojatoker dan kane ajan dewa ki sunnat",Recommended,Family_and_Marriage,"Sunnah","নবজাতকের ডান কানে আজান ও বাম কানে ইকামত সুন্নত।","Giving adhan in the right ear of a newborn is sunnah.","SEE_REFERENCE_SOURCE","Sunan Abi Dawood on adhan for newborn","Abu_Dawood",NEEDS_VERIFICATION,"ajan,newborn,dan kan"
194,"সন্তানের জন্য ভালো নাম রাখা কি সুন্নত?","Is choosing a good name for a child sunnah?","sontan er jonno valo nam rakha ki sunnat",Recommended,Family_and_Marriage,"Sunnah","সন্তানের জন্য সুন্দর ও অর্থবহ নাম রাখা সুন্নত।","Giving a good name to a child is sunnah.","You will be called on the Day of Resurrection by your names and your fathers' names, so make good names","Sunan Abi Dawood 4948","Abu_Dawood",verified,"nam,name,child"
195,"মুসলিমদের জন্য সালামের প্রসার করা কি সুন্নত?","Is spreading salam among Muslims sunnah?","muslim der jonno salam er prosar kora ki sunnat",Recommended,Social_Conduct,"Sunnah","সালামের প্রসার করা মুসলিম সমাজে ভালোবাসা বাড়ায়।","Spreading salam increases love among Muslims.","You will not enter Paradise until you believe, and you will not believe until you love one another. Shall I tell you something that if you do, you will love one another? Spread salam among you","Sahih Muslim 54","Sahih_Muslim",verified,"salam,spread,love"
196,"রাসূলের (সা.) হাদিস মানা কি ফরজ?","Is obeying the hadith of the Prophet obligatory?","rasul s er hadis mana ki foroj",Obligatory,Faith_and_Aqidah,"Fard (definitive)","রাসূলের হাদিস মেনে চলা ফরজ।","Obeying the Prophet's hadith is obligatory.","Whatever the Messenger gives you, take it, and whatever he forbids you, abstain from it","Quran 59:7","Quran",verified,"hadith,obey,rasul"
197,"ইসলামী জ্ঞান অর্জন করা কি ফরজ?","Is acquiring Islamic knowledge obligatory?","islami gyan orjon kora ki foroj",Obligatory,Faith_and_Aqidah,"Fard (essential knowledge)","প্রয়োজনীয় ইসলামী জ্ঞান অর্জন ফরজ।","Acquiring essential Islamic knowledge is obligatory.","Seeking knowledge is an obligation upon every Muslim","Sunan Ibn Majah 224","Ibn_Majah",verified,"gyan,knowledge,islami"
198,"কুরআন শেখা কি ফরজ?","Is learning the Quran obligatory?","quran shekha ki foroj",Obligatory,Worship,"Fard (essential for worship)","নামাজ আদায়ের জন্য কুরআন শেখা ফরজ।","Learning enough Quran for prayer is obligatory.","The best of you are those who learn the Quran and teach it","Sahih al-Bukhari 5027","Sahih_Bukhari",verified,"quran,shekha,learn"
199,"কুরআন মুখস্থ করা কি মুস্তাহাব?","Is memorizing the Quran recommended?","quran mukhostho kora ki mustahab",Recommended,Worship,"Mustahabb / Sunnah","কুরআন মুখস্থ করা ফজিলতপূর্ণ।","Memorizing the Quran is meritorious.","The one who recites the Quran and memorizes it will be with the noble righteous scribes","Sahih al-Bukhari 4937","Sahih_Bukhari",verified,"quran,hifz,memorize"
200,"নফল দান-সদকা করা কি মুস্তাহাব?","Is voluntary charity recommended?","nafl dan sodka kora ki mustahab",Recommended,Worship,"Mustahabb","নফল দান-সদকা করা মুস্তাহাব।","Voluntary charity is recommended.","Those who spend their wealth [in Allah's way] by night and by day, secretly and publicly - they will have their reward","Quran 2:274","Quran",verified,"dan,sodka,charity"
201,"গরিব-দুঃখীকে সাহায্য করা কি ফরজ?","Is helping the poor and needy obligatory?","gorib dukkhi ke sahajjo kora ki foroj",Obligatory,Social_Conduct,"Wajib (in times of need)","গরিব-দুঃখীকে সাহায্য করা সামর্থ্যবানদের জন্য ওয়াজিব।","Helping the poor is obligatory for those able.","And in their wealth is a recognized right for the poor and the deprived","Quran 70:24-25","Quran",verified,"gorib,poor,help"
202,"এতিমের সম্পদ রক্ষা করা কি ফরজ?","Is protecting the orphan's wealth obligatory?","etim er shompotti rokkha kora ki foroj",Obligatory,Business_and_Finance,"Fard","এতিমের সম্পদ রক্ষা করা ফরজ।","Protecting the orphan's property is obligatory.","And do not approach the orphan's property except in a way that is best","Quran 17:34","Quran",verified,"etim,orphan,property"
203,"এতিমকে ভালোবাসা কি সুন্নত?","Is showing love to orphans sunnah?","etim ke valobasha ki sunnat",Recommended,Social_Conduct,"Sunnah","এতিমকে স্নেহ করা সুন্নত।","Showing compassion to orphans is sunnah.","I and the one who cares for an orphan will be like this in Paradise","Sahih al-Bukhari 5304","Sahih_Bukhari",verified,"etim,orphan,love"
204,"বিধবাদের সাহায্য করা কি মুস্তাহাব?","Is helping widows recommended?","bidhoba der sahajjo kora ki mustahab",Recommended,Social_Conduct,"Mustahabb","বিধবাদের সাহায্য করা মুস্তাহাব।","Helping widows is recommended.","The one who strives for the widow and the poor is like the one who strives in the cause of Allah","Sahih al-Bukhari 5353","Sahih_Bukhari",verified,"bidhoba,widow,help"
205,"অসহায় মানুষকে খাওয়ানো কি মুস্তাহাব?","Is feeding the helpless recommended?","osohay manus ke khaowano ki mustahab",Recommended,Social_Conduct,"Mustahabb","অসহায়কে খাওয়ানো সদকা ও মুস্তাহাব।","Feeding the helpless is recommended charity.","Feed the hungry","Sahih al-Bukhari 3046","Sahih_Bukhari",verified,"khaowano,feed,helpless"
206,"পানি সেচের মাধ্যমে দান করা কি সদকা জারিয়া?","Is providing water a continuing charity?","pani sech er madhome dan kora ki sodka jariya",Recommended,Social_Conduct,"Sunnah / Sadaqah Jariyah","পানি সরবরাহ করা সদকা জারিয়া।","Providing water is a continuous charity.","The best charity is giving water to drink","Sunan Abi Dawood 1679","Abu_Dawood",verified,"pani,water,sadka jariya"
207,"গাছ লাগানো কি সদকা জারিয়া?","Is planting trees a continuing charity?","gach lagano ki sodka jariya",Recommended,Social_Conduct,"Sunnah / Sadaqah Jariyah","গাছ লাগানো সদকা জারিয়া।","Planting trees is a continuous charity.","If a Muslim plants a tree or sows seeds... it is charity","Sahih al-Bukhari 2320","Sahih_Bukhari",verified,"gach,tree,plant,sadka"
208,"কূপ খনন করা কি সদকা জারিয়া?","Is digging a well a continuing charity?","kup khonon kora ki sodka jariya",Recommended,Social_Conduct,"Sunnah / Sadaqah Jariyah","কূপ খনন বা নলকূপ বসানো সদকা জারিয়া।","Digging a well is a continuous charity.","The best charity is giving water to drink","Sunan Abi Dawood 1679","Abu_Dawood",verified,"kup,well,water"
209,"রাস্তা থেকে কষ্টদায়ক জিনিস সরানো কি সদকা?","Is removing harmful things from the road charity?","rasta theke kostodayok jinish sorano ki sodka",Recommended,Social_Conduct,"Mustahabb","রাস্তা থেকে ক্ষতিকর বস্তু সরানো সদকা।","Removing harmful objects from the road is charity.","Removing a harmful thing from the road is charity","Sahih al-Bukhari 2989","Sahih_Bukhari",verified,"rasta,road,harmful"
210,"দুই মুসলিমের মধ্যে মীমাংসা করানো কি মুস্তাহাব?","Is reconciling between Muslims recommended?","dui muslim er moddhe mimangsa korano ki mustahab",Recommended,Social_Conduct,"Mustahabb / Sunnah","দুই মুসলিমের মধ্যে মীমাংসা করানো সওয়াবের কাজ।","Reconciling between Muslims is rewarded.","The best of charity is to reconcile between people","Sunan Abi Dawood 4919","Abu_Dawood",verified,"mimangsa,reconcile,conflict"
211,"হিংসা করা কি হারাম?","Is envy forbidden?","hinghsa kora ki haram",Forbidden,Social_Conduct,"Haram","হিংসা বা হিংসুক মনোভাব হারাম।","Envy is forbidden.","And from the mischief of the envious when he envies","Quran 113:5","Quran",verified,"hinghsa,envy,hassad"
212,"অহংকার করা কি হারাম?","Is arrogance forbidden?","ohonkar kora ki haram",Forbidden,Social_Conduct,"Haram","অহংকার হারাম।","Arrogance is forbidden.","No one will enter Paradise who has an atom's weight of pride in his heart","Sahih Muslim 91","Sahih_Muslim",verified,"ohonkar,arrogance,pride"
213,"পরনিন্দা (নামিমাহ) করা কি হারাম?","Is gossiping (nameemah) forbidden?","poroninda namimah kora ki haram",Forbidden,Social_Conduct,"Haram","পরনিন্দা বা চোগলখোরি হারাম।","Gossiping and spreading tales is forbidden.","The gossiper will not enter Paradise","Sahih al-Bukhari 6056","Sahih_Bukhari",verified,"namimah,poroninda,gossip"
214,"আত্মীয়তার সম্পর্ক বজায় রাখা কি ফরজ?","Is maintaining kinship ties obligatory?","attiyotar somporko bojay rakha ki foroj",Obligatory,Family_and_Marriage,"Fard / Wajib","আত্মীয়তার সম্পর্ক রক্ষা করা ফরজ।","Maintaining kinship ties is obligatory.","And fear Allah, through whom you ask one another, and the wombs","Quran 4:1","Quran",verified,"attiyo,kinship,relation"
215,"আত্মীয়তার সম্পর্ক ছিন্ন করা কি হারাম?","Is severing kinship ties forbidden?","attiyotar somporko chinno kora ki haram",Forbidden,Family_and_Marriage,"Haram (major sin)","আত্মীয়তা ছিন্ন করা হারাম।","Severing kinship ties is forbidden.","So would you perhaps, if you turned away, cause corruption on earth and sever your [ties of] relationship?","Quran 47:22","Quran",verified,"attiyo chinno,kin sever"
216,"বয়স্কদের সম্মান করা কি ফরজ?","Is respecting the elderly obligatory?","boyosko der somman kora ki foroj",Obligatory,Social_Conduct,"Wajib / Sunnah","বয়স্কদের সম্মান করা সুন্নত ও ওয়াজিবের কাছাকাছি।","Respecting the elderly is highly emphasized.","He is not one of us who does not show mercy to our young and respect to our old","Sunan al-Tirmidhi 1919","Tirmidhi",verified,"boyosko,elderly,respect"
217,"ছোটদের স্নেহ করা কি সুন্নত?","Is showing mercy to the young sunnah?","chotoder sneho kora ki sunnat",Recommended,Social_Conduct,"Sunnah","ছোটদের প্রতি স্নেহ করা সুন্নত।","Showing mercy to the young is sunnah.","He is not one of us who does not show mercy to our young and respect to our old","Sunan al-Tirmidhi 1919","Tirmidhi",verified,"choto,young,mercy"
218,"মুসলিম এক ভাই অপর ভাইয়ের জন্য দোয়া করা কি মুস্তাহাব?","Is praying for a fellow Muslim in their absence recommended?","muslim bhai er jonno doya kora ki mustahab",Recommended,Social_Conduct,"Mustahabb","মুসলিম ভাইয়ের অনুপস্থিতিতে দোয়া করা মুস্তাহাব ও কবুল হয়।","Praying for a Muslim in their absence is recommended and accepted.","The supplication of a Muslim for his brother in his absence is answered","Sahih Muslim 2732","Sahih_Muslim",verified,"dua,brother,absence"
219,"মুসলিমদের মধ্যে ভ্রাতৃত্ব বজায় রাখা কি ফরজ?","Is maintaining brotherhood among Muslims obligatory?","muslim der moddhe bhratritto bojay rakha ki foroj",Obligatory,Social_Conduct,"Wajib","মুসলিমদের পারস্পরিক ভ্রাতৃত্ব রক্ষা ফরজের মতো জরুরি।","Maintaining brotherhood among Muslims is obligatory.","The believers are but brothers, so make settlement between your brothers","Quran 49:10","Quran",verified,"bhratritto,brotherhood"
220,"মুসলিমদের প্রতি ভালো ধারণা রাখা কি সুন্নত?","Is having good thoughts about Muslims sunnah?","muslim der proti valo dharona rakha ki sunnat",Recommended,Social_Conduct,"Mustahabb","মুসলিমদের প্রতি সুধারণা রাখা সুন্নত।","Having good thoughts about Muslims is sunnah.","Avoid suspicion... indeed some suspicion is sin","Quran 49:12","Quran",verified,"dharona,suspicion,good thought"
221,"পড়শীর সাথে ভালো ব্যবহার করা কি ফরজ?","Is good treatment of neighbors obligatory?","porshir sathe valo bebohar kora ki foroj",Obligatory,Social_Conduct,"Wajib / Fard","পড়শীর সাথে ভালো ব্যবহার করা ফরজের মতো জরুরি।","Good treatment of neighbors is highly obligatory.","Jibril kept recommending me to be good to my neighbor until I thought he would make him my heir","Sahih al-Bukhari 6015","Sahih_Bukhari",verified,"porshi,neighbor,good"
222,"কর্মচারী/শ্রমিকের মজুরি সময়মতো দেওয়া কি ফরজ?","Is paying workers' wages on time obligatory?","kormochari sromik er mojuri somoy moto dewa ki foroj",Obligatory,Business_and_Finance,"Fard / Wajib","শ্রমিকের মজুরি ঘাম শুকানোর আগেই দেওয়া উচিত।","Paying wages promptly is obligatory.","Give the worker his wages before his sweat dries","Sunan Ibn Majah 2443","Ibn_Majah",verified,"mojuri,wages,worker"
223,"চুক্তি ভঙ্গ করা কি হারাম?","Is breaching a contract forbidden?","chukti bhong kora ki haram",Forbidden,Business_and_Finance,"Haram","চুক্তি ভঙ্গ করা হারাম।","Breaching a contract is forbidden.","And fulfill [every] commitment. Indeed, the commitment is ever [that about which one will be] questioned","Quran 17:34","Quran",verified,"chukti,contract,breach"
224,"আমানতের খেয়ানত করা কি হারাম?","Is betraying trust forbidden?","amanoter kheyanot kora ki haram",Forbidden,Social_Conduct,"Haram","আমানতের খেয়ানত হারাম।","Betraying trust is forbidden.","O you who have believed, do not betray Allah and the Messenger or betray your trusts","Quran 8:27","Quran",verified,"amanot,betray,trust"
225,"ওয়াদা ভঙ্গ করা কি মাকরুহ?","Is breaking a promise disliked?","oada bhong kora ki makruh",Disliked,Social_Conduct,"Makruh Tahrimi (near-Haram)","ওয়াদা ভঙ্গ করা মুনাফিকের লক্ষণ।","Breaking a promise is a sign of hypocrisy.","The signs of a hypocrite are three: when he speaks he lies, when he promises he breaks it, when he is trusted he betrays","Sahih al-Bukhari 33","Sahih_Bukhari",verified,"oada,promise,break"
226,"মিথ্যা ওয়াদা করা কি হারাম?","Is making false promises forbidden?","mittha oada kora ki haram",Forbidden,Social_Conduct,"Haram","মিথ্যা ওয়াদা করা হারাম।","Making false promises is forbidden.","The signs of a hypocrite are three: when he speaks he lies, when he promises he breaks it...","Sahih al-Bukhari 33","Sahih_Bukhari",verified,"mittha oada,false promise"
227,"রাসূল (সা.)-এর নামে মিথ্যা বলা কি কুফর?","Is fabricating hadith disbelief?","rasul s er name mittha bola ki kufr",Faith_Violation,Faith_and_Aqidah,"Kufr / Haram (major sin)","রাসূলের নামে মিথ্যা বলা মহাপাপ।","Fabricating hadith is a major sin.","Whoever tells a lie against me, let him take his seat in the Fire","Sahih al-Bukhari 107","Sahih_Bukhari",verified,"hadith fabricate,lie prophet"
228,"জান্নাতের নদীসমূহ সত্য কি?","Are the rivers of Paradise true?","jannater nodi somuho sotto ki",Obligatory,Faith_and_Aqidah,"Fard (belief)","জান্নাতের নদীসমূহ সত্য।","The rivers of Paradise are true.","... gardens beneath which rivers flow...","Quran 2:25","Quran",verified,"nodi,rivers,paradise"
229,"জাহান্নামের শাস্তি ভয়াবহ — এতে বিশ্বাস কি ফরজ?","Is belief in the severity of Hellfire obligatory?","jahannamer shasti bhoyaboh ete biswas ki foroj",Obligatory,Faith_and_Aqidah,"Fard (belief)","জাহান্নামের ভয়াবহতা বিশ্বাস করা ফরজ।","Belief in the severity of Hell is obligatory.","Indeed, the punishment of your Lord is severe","Quran 85:12","Quran",verified,"jahannam,shasti,severe"
230,"মৃত্যু সত্য — এতে বিশ্বাস কি ফরজ?","Is belief in the certainty of death obligatory?","mrittu sotto ete biswas ki foroj",Obligatory,Faith_and_Aqidah,"Fard (definitive)","মৃত্যুর নিশ্চয়তায় বিশ্বাস ফরজ।","Belief in the certainty of death is obligatory.","Every soul will taste death","Quran 3:185","Quran",verified,"mrittu,death,truth"
231,"আল্লাহর কাছে দোয়া করা কি ফরজ?","Is making dua to Allah obligatory?","allah r kache doya kora ki foroj",Obligatory,Worship,"Fard (in essence)","আল্লাহর কাছে দোয়া করা ইবাদতের মেরুদণ্ড।","Making dua to Allah is the essence of worship.","And your Lord says, 'Call upon Me; I will respond to you'","Quran 40:60","Quran",verified,"dua,call allah"
232,"শুকরিয়া আদায় করা কি মুস্তাহাব?","Is expressing gratitude recommended?","shukria aday kora ki mustahab",Recommended,Social_Conduct,"Mustahabb","আল্লাহ ও মানুষের প্রতি শুকরিয়া আদায় মুস্তাহাব।","Expressing gratitude is recommended.","And be grateful to Me and do not deny Me","Quran 2:152","Quran",verified,"shukria,gratitude"
233,"মিথ্যা সাক্ষ্য দেওয়া কি হারাম?","Is bearing false witness forbidden?","mittha sakkho dewa ki haram",Forbidden,Social_Conduct,"Haram (major sin)","মিথ্যা সাক্ষ্য দেওয়া কবিরা গুনাহ।","Bearing false witness is a major sin.","And avoid false statement","Quran 22:30","Quran",verified,"sakkho,witness,false"
234,"নামাজে বিনম্রতা (খুশু) অর্জন করা কি উত্তম?","Is attaining khushu in prayer recommended?","namaje binomrota khushu orjon kora ki uttom",Recommended,Worship,"Mustahabb","নামাজে খুশু অর্জন করা উত্তম।","Attaining khushu in prayer is highly recommended.","Certainly will the believers have succeeded: they who are during their prayer humbly submissive","Quran 23:1-2","Quran",verified,"khushu,binomrota,prayer"
235,"নিয়মিত জিকির করা কি মুস্তাহাব?","Is regular dhikr recommended?","niomito jikir kora ki mustahab",Recommended,Worship,"Mustahabb / Sunnah","নিয়মিত জিকির করা মুস্তাহাব।","Regular dhikr is recommended.","O you who have believed, remember Allah with much remembrance","Quran 33:41","Quran",verified,"jikir,dhikr,remembrance"
236,"সকাল-সন্ধ্যার জিকির করা কি মুস্তাহাব?","Is morning and evening dhikr recommended?","sokal sondhar jikir kora ki mustahab",Recommended,Worship,"Mustahabb","সকাল-সন্ধ্যার জিকির সুন্নত ও সুরক্ষার মাধ্যম।","Morning and evening dhikr is recommended.","And remember your Lord within yourself in humility and fear... in the mornings and evenings","Quran 7:205","Quran",verified,"sokal sondha,jikir,morning evening"
237,"দুরুদ শরিফ পাঠ করা কি মুস্তাহাব?","Is sending salawat upon the Prophet recommended?","duruud sharif path kora ki mustahab",Recommended,Worship,"Mustahabb / Sunnah","দুরুদ শরিফ পাঠ করা মুস্তাহাব।","Sending salawat upon the Prophet is recommended.","Indeed, Allah and His angels send blessings upon the Prophet. O you who have believed, ask [Allah to confer] blessing upon him","Quran 33:56","Quran",verified,"duruud,salawat,dorud"
238,"আল্লাহর নিকট ক্ষমা চাওয়া কি ফরজ?","Is seeking forgiveness from Allah obligatory?","allah r nikot khoma chawa ki foroj",Obligatory,Faith_and_Aqidah,"Fard (for sins)","গুনাহ মাফের জন্য তওবা ও ইস্তিগফার ফরজ।","Seeking forgiveness for sins is obligatory.","And seek forgiveness of your Lord and repent to Him","Quran 11:3","Quran",verified,"khoma,istegfar,forgiveness"
239,"মুসলিম ভাইয়ের জন্য ক্ষমা প্রার্থনা করা কি মুস্তাহাব?","Is seeking forgiveness for fellow Muslims recommended?","muslim bhai er jonno khoma prarthona kora ki mustahab",Recommended,Social_Conduct,"Mustahabb","মুসলিম ভাইয়ের জন্য ক্ষমা প্রার্থনা মুস্তাহাব।","Seeking forgiveness for fellow Muslims is recommended.","And ask forgiveness for your sin and for the believing men and believing women","Quran 47:19","Quran",verified,"khoma,forgive,brother"
240,"বিনয়ী হওয়া কি মুস্তাহাব?","Is being humble recommended?","binoyi howa ki mustahab",Recommended,Social_Conduct,"Mustahabb","বিনয়ী হওয়া সুন্নত ও মুস্তাহাব।","Being humble is recommended.","And lower your wing to the believers","Quran 15:88","Quran",verified,"binoy,humility,humble"
241,"অহংকার পরিহার করা কি ফরজ?","Is avoiding arrogance obligatory?","ohonkar porihar kora ki foroj",Obligatory,Faith_and_Aqidah,"Fard","অহংকার পরিহার করা ফরজ।","Avoiding arrogance is obligatory.","No one will enter Paradise who has an atom's weight of pride in his heart","Sahih Muslim 91","Sahih_Muslim",verified,"ohonkar,arrogance,avoid"
242,"আল্লাহর ইবাদতের জন্য জিন ও মানুষ সৃষ্টি — এতে বিশ্বাস কি ফরজ?","Is belief that jinn and humans were created for worship obligatory?","jinn o manus ibadater jonno sristi ete biswas ki foroj",Obligatory,Faith_and_Aqidah,"Fard (definitive)","আল্লাহর ইবাদতের জন্য সৃষ্টি — এতে বিশ্বাস ফরজ।","Belief that creation is for worship of Allah is obligatory.","And I did not create the jinn and mankind except to worship Me","Quran 51:56","Quran",verified,"ibadat,worship,creation"
243,"পিতা-মাতার জন্য দোয়া করা কি মুস্তাহাব?","Is praying for parents recommended?","pita matar jonno doya kora ki mustahab",Recommended,Family_and_Marriage,"Mustahabb / Wajib (in gratitude)","পিতা-মাতার জন্য দোয়া করা মুস্তাহাব ও সন্তানের কর্তব্য।","Praying for parents is recommended and a duty.","And lower to them the wing of humility out of mercy and say, 'My Lord, have mercy upon them as they brought me up [when I was] small'","Quran 17:24","Quran",verified,"doya,parents,duty"
244,"বাবা-মায়ের জন্য ইস্তিগফার করা কি মুস্তাহাব?","Is seeking forgiveness for parents recommended?","baba mayer jonno istegfar kora ki mustahab",Recommended,Family_and_Marriage,"Mustahabb","পিতা-মাতার জন্য ইস্তিগফার করা মুস্তাহাব।","Seeking forgiveness for parents is recommended.","My Lord, forgive me and my parents","Quran 71:28","Quran",verified,"istegfar,parents,forgiveness"
245,"সন্তানকে আদব-কায়দা শেখানো কি ফরজ?","Is teaching children manners obligatory?","sontan ke adob kayda shekhano ki foroj",Obligatory,Family_and_Marriage,"Fard","সন্তানকে আদব ও শিষ্টাচার শেখানো ফরজ।","Teaching children manners is obligatory.","O you who have believed, protect yourselves and your families from a Fire","Quran 66:6","Quran",verified,"adob,manners,child"
246,"হালাল পশুর তালিকা জানা কি ফরজ?","Is knowing halal animals obligatory?","halal poshur talika jana ki foroj",Obligatory,Food_and_Drink,"Fard (necessary knowledge)","হালাল-হারাম পশুর পার্থক্য জানা জরুরি।","Knowing halal and haram animals is essential.","Prohibited to you are...","Quran 5:3","Quran",verified,"halal animal,list"
247,"মদ পরিবেশন করা কি হারাম?","Is serving alcohol forbidden?","mod poribeshon kora ki haram",Forbidden,Food_and_Drink,"Haram","মদ পরিবেশন করা হারাম।","Serving alcohol is forbidden.","He who believes in Allah and the Last Day should not sit at a table where alcohol is served","Sunan al-Tirmidhi 2801","Tirmidhi",verified,"mod serve,alcohol"
248,"জুয়া খেলতে সহায়তা করা কি হারাম?","Is facilitating gambling forbidden?","jua khelte sohayota kora ki haram",Forbidden,Business_and_Finance,"Haram","জুয়ায় সহায়তা করা হারাম।","Facilitating gambling is forbidden.","And cooperate in righteousness and piety, but do not cooperate in sin and aggression","Quran 5:2","Quran",verified,"jua help,gambling"
249,"অন্যায় কাজে সহায়তা করা কি হারাম?","Is aiding in wrongdoing forbidden?","onnyay kaje sohayota kora ki haram",Forbidden,Social_Conduct,"Haram","অন্যায় কাজে সহায়তা হারাম।","Aiding in wrongdoing is forbidden.","But do not cooperate in sin and aggression","Quran 5:2","Quran",verified,"onnyay help,support"
250,"ন্যায়ের পক্ষে সহায়তা করা কি ফরজ?","Is supporting justice obligatory?","nyayer pokkhe sohayota kora ki foroj",Obligatory,Social_Conduct,"Wajib / Fard","ন্যায়ের পক্ষে সহায়তা ফরজ।","Supporting justice is obligatory.","And cooperate in righteousness and piety","Quran 5:2","Quran",verified,"nyay,justice,help"
251,"মুসলিম শাসকের আনুগত্য করা কি ফরজ?","Is obeying the Muslim ruler obligatory?","muslim shashoker anugotto kora ki foroj",Obligatory,Social_Conduct,"Wajib (in obedience to Allah)","শরিয়তসম্মত বিষয়ে মুসলিম শাসকের আনুগত্য ওয়াজিব।","Obeying the Muslim ruler in lawful matters is obligatory.","O you who have believed, obey Allah and obey the Messenger and those in authority among you","Quran 4:59","Quran",verified,"shashok,ruler,obey"
252,"অসৎ শাসকের বিরোধিতা করা কি জায়েজ?","Is opposing an unjust ruler permissible?","osot shashoker birodhita kora ki jayez",Disliked,Social_Conduct,"Khilaf (peaceful advice preferred)","অসৎ শাসকের বিরুদ্ধে শান্তিপূর্ণ উপদেশ ও ধৈর্য উৎসাহিত।","Peaceful counsel and patience are preferred over rebellion.","Whoever sees an evil should change it with his hand...","Sahih Muslim 49","Sahih_Muslim",verified,"shashok,ruler,unjust"
253,"ইসলামী সমাজে ন্যায়বিচার প্রতিষ্ঠা কি ফরজ?","Is establishing justice in society obligatory?","islami somaje nyay bichar protistha kora ki foroj",Obligatory,Social_Conduct,"Fard Kifayah","ন্যায়বিচার প্রতিষ্ঠা ফরজ কিফায়া।","Establishing justice is a communal obligation.","Indeed, Allah commands you to render trusts... and when you judge between people to judge with justice","Quran 4:58","Quran",verified,"nyay,justice,society"
254,"প্রতিবেশীর মাঝে সালাম পৌঁছে দেওয়া কি সুন্নত?","Is conveying salam to neighbors sunnah?","protibeshir majhe salam pouchhe dewa ki sunnat",Recommended,Social_Conduct,"Sunnah","সালাম পৌঁছে দেওয়া সুন্নত ও ভালোবাসা বৃদ্ধি করে।","Conveying salam is sunnah and increases love.","Spread salam among you","Sahih Muslim 54","Sahih_Muslim",verified,"salam,neighbor,convey"
255,"হাদিয়া (উপহার) দেওয়া কি মুস্তাহাব?","Is giving gifts recommended?","hadia upohar dewa ki mustahab",Recommended,Social_Conduct,"Mustahabb / Sunnah","উপহার দেওয়া মুস্তাহাব ও ভালোবাসা বাড়ায়।","Giving gifts is recommended.","Give gifts and you will love one another","Sahih al-Bukhari (Adab al-Mufrad 594)","Sahih_Bukhari",verified,"hadia,gift,upohar"
256,"মিথ্যা প্রশংসার চেয়ে সত্য বলা কি ফরজ?","Is speaking truth over false praise obligatory?","mittha proshongshar cheye sotto bola ki foroj",Obligatory,Social_Conduct,"Fard (truthfulness)","সত্য বলা ফরজ।","Speaking truth is obligatory.","O you who have believed, fear Allah and speak words of appropriate justice","Quran 33:70","Quran",verified,"sotto,truth,false praise"
257,"আল্লাহর সন্তুষ্টির জন্য কাজ করা কি ফরজ?","Is doing deeds for Allah's pleasure obligatory?","allah r sontushtir jonno kaj kora ki foroj",Obligatory,Faith_and_Aqidah,"Fard (ikhlas)","আল্লাহর সন্তুষ্টি অর্জন ফরজ।","Sincerity for Allah's pleasure is obligatory.","And they were not commanded except to worship Allah, [being] sincere to Him in religion","Quran 98:5","Quran",verified,"sontusti,pleasure,ikhlas"
258,"রিয়া (লোক দেখানো ইবাদত) কি হারাম?","Is showing off in worship forbidden?","riya lok dekhano ibadat ki haram",Forbidden,Faith_and_Aqidah,"Haram (major sin)","রিয়া বা লোক দেখানো ইবাদত হারাম।","Showing off in worship is forbidden.","So woe to those who pray, [but] who are heedless of their prayer - those who make show [of their deeds]","Quran 107:4-6","Quran",verified,"riya,showing off,ibadat"
259,"আল্লাহর প্রতি সুধারণা রাখা কি মুস্তাহাব?","Is having good thoughts about Allah recommended?","allah r proti sudharona rakha ki mustahab",Recommended,Faith_and_Aqidah,"Mustahabb","আল্লাহর প্রতি সুধারণা রাখা মুস্তাহাব।","Having good thoughts about Allah is recommended.","I am as My servant thinks of Me","Sahih al-Bukhari 7405","Sahih_Bukhari",verified,"sudharona,good thought,allah"
260,"আল্লাহর প্রতি খারাপ ধারণা করা কি হারাম?","Is having bad thoughts about Allah forbidden?","allah r proti kharap dharona kora ki haram",Forbidden,Faith_and_Aqidah,"Haram","আল্লাহর প্রতি খারাপ ধারণা হারাম।","Having bad thoughts about Allah is forbidden.","And [that] He may punish the hypocrites... who assume about Allah an assumption of evil","Quran 48:6","Quran",verified,"kharap dharona,allah,bad thought"
261,"কুরআন তিলাওয়াত করা কি মুস্তাহাব?","Is reciting the Quran recommended?","quran telawat kora ki mustahab",Recommended,Worship,"Mustahabb / Sunnah","কুরআন তিলাওয়াত করা অত্যন্ত ফজিলতপূর্ণ।","Reciting the Quran is highly meritorious.","Recite the Quran, for it will come as an intercessor for its companions on the Day of Resurrection","Sahih Muslim 804","Sahih_Muslim",verified,"telawat,recite,quran"
262,"কুরআনের হাফেজদের সম্মান করা কি মুস্তাহাব?","Is honoring the memorizers of Quran recommended?","quran er hafiz der somman kora ki mustahab",Recommended,Social_Conduct,"Mustahabb","কুরআনের হাফেজদের সম্মান করা মুস্তাহাব।","Honoring the memorizers of Quran is recommended.","The one who recites the Quran and memorizes it will be with the noble righteous scribes","Sahih al-Bukhari 4937","Sahih_Bukhari",verified,"hafiz,quran,respect"
263,"নামাজের জামাতে শরিক হওয়া কি সুন্নত মুয়াক্কাদা?","Is joining congregational prayer an emphasized sunnah?","namajer jamaate shorik howa ki sunnat muakkada",Recommended,Worship,"Sunnah Mu'akkadah / Wajib for men","পুরুষদের জন্য জামাতে নামাজ সুন্নত মুয়াক্কাদা বা ওয়াজিব।","Congregational prayer is emphasized sunnah or wajib for men.","The prayer in congregation is twenty-seven times superior to the prayer offered alone","Sahih al-Bukhari 645","Sahih_Bukhari",verified,"jamaat,congregation,namaj"
264,"মসজিদে গিয়ে নামাজ পড়া কি উৎসাহিত?","Is praying in the mosque encouraged?","mosjide giye namaj pora ki utsahito",Recommended,Worship,"Mustahabb / Sunnah","মসজিদে গিয়ে নামাজ পড়া সওয়াবের কাজ।","Praying in the mosque is encouraged.","The parts of land dearest to Allah are its mosques","Sahih Muslim 671","Sahih_Muslim",verified,"mosjid,mosque,namaj"
265,"রমজানের শেষ দশকে ইতিকাফ করা কি সুন্নত?","Is observing i'tikaf in the last ten days of Ramadan sunnah?","ramjaner sesh dosoke etikaf kora ki sunnat",Recommended,Worship,"Sunnah Mu'akkadah","রমজানের শেষ দশকে ইতিকাফ সুন্নত।","Observing i'tikaf in the last ten days is sunnah.","The Prophet used to observe i'tikaf in the last ten days of Ramadan","Sahih al-Bukhari 2025","Sahih_Bukhari",verified,"etikaf,itikaf,ramadan"
266,"শব-ই-কদর অনুসন্ধান করা কি মুস্তাহাব?","Is seeking Laylat al-Qadr recommended?","shob e qadr onusandhan kora ki mustahab",Recommended,Worship,"Mustahabb","শব-ই-কদর অনুসন্ধান করা মুস্তাহাব।","Seeking Laylat al-Qadr is recommended.","Seek Laylat al-Qadr in the odd nights of the last ten nights of Ramadan","Sahih al-Bukhari 2017","Sahih_Bukhari",verified,"shob e qadr,lailatul qadr,ramadan"
267,"ফিতরা (সদকাতুল ফিতর) দেওয়া কি ওয়াজিব?","Is giving sadaqat al-fitr obligatory?","fitra sodkatul fitar dewa ki wajib",Obligatory,Worship,"Wajib (definitive)","সদকাতুল ফিতর ওয়াজিব।","Sadaqat al-fitr is obligatory.","The Messenger of Allah made obligatory the zakat of fitr","Sahih al-Bukhari 1503","Sahih_Bukhari",verified,"fitra,sadaqatul fitr,wajib"
268,"ঈদের নামাজ পড়া কি ওয়াজিব?","Is the Eid prayer obligatory?","eid er namaj pora ki wajib",Obligatory,Worship,"Wajib (Hanafi view)","হানাফি মাজহাবে ঈদের নামাজ ওয়াজিব।","Eid prayer is wajib in the Hanafi school.","And pray to your Lord and sacrifice [to Him alone]","Quran 108:2","Quran",verified,"eid namaj,eid prayer,wajib"
269,"কুরবানি করা কি ওয়াজিব?","Is sacrificing (qurbani) obligatory?","qurbani kora ki wajib",Obligatory,Worship,"Wajib (Hanafi view)","সক্ষমদের জন্য কুরবানি ওয়াজিব।","Qurbani is wajib for those who are able.","So pray to your Lord and sacrifice [to Him alone]","Quran 108:2","Quran",verified,"qurbani,sacrifice,wajib"
270,"আকিকা করার নিয়ম কী?","What is the method of aqiqah?","akika korar niom ki",Recommended,Family_and_Marriage,"Sunnah","আকিকায় ছেলের জন্য দুটি ও মেয়ের জন্য একটি পশু।","For aqiqah: two animals for a boy, one for a girl.","For a boy, two sheep; for a girl, one sheep","Sunan Abi Dawood 2836","Abu_Dawood",verified,"akika,aqiqah,niom"
271,"মৃতের জন্য কুরআন খতম করা কি জায়েজ?","Is completing the Quran for the deceased permissible?","mriter jonno quran khotom kora ki jayez",Disliked,Funeral_and_Mourning,"Khilaf (bid'ah by some)","মৃতের জন্য খতমের নির্দিষ্ট পদ্ধতি নিয়ে মতভেদ আছে।","The specific practice of khatam for the dead is disputed.","SEE_REFERENCE_SOURCE","Scholarly views on quran khatam for dead","Fiqh_Hanafi",NEEDS_VERIFICATION,"khotom,quran,dead"
272,"মৃতের জন্য ইসালে সওয়াব করা কি জায়েজ?","Is conveying reward (isal-e-sawab) to the deceased permissible?","mriter jonno isale soab kora ki jayez",Permissible,Funeral_and_Mourning,"Mubah / Recommended by many","ইসালে সওয়াব জায়েজ এবং অনেক আলেম মুস্তাহাব বলেছেন।","Isal-e-sawab is permissible and recommended by many scholars.","SEE_REFERENCE_SOURCE","Sunan Abi Dawood on giving sadaqah for dead","Abu_Dawood",NEEDS_VERIFICATION,"isale soab,reward,dead"
273,"কবরে পানি ছিটানো কি জায়েজ?","Is sprinkling water on the grave permissible?","kobore pani chitano ki jayez",Permissible,Funeral_and_Mourning,"Mubah","কবরে পানি ছিটানো জায়েজ এবং রাসূল থেকে প্রমাণিত।","Sprinkling water on the grave is permissible and proven.","The Prophet sprinkled water on the grave","Sunan Abi Dawood 3212","Abu_Dawood",verified,"pani,kobor,grave"
274,"কবরের পাশে দোয়া করা কি জায়েজ?","Is making dua beside a grave permissible?","koborer pashe doya kora ki jayez",Permissible,Funeral_and_Mourning,"Mubah / Mustahabb","কবরের পাশে দাঁড়িয়ে দোয়া করা জায়েজ ও মুস্তাহাব।","Making dua beside the grave is permissible and recommended.","SEE_REFERENCE_SOURCE","Sahih Muslim on dua for dead","Sahih_Muslim",NEEDS_VERIFICATION,"dua,grave,kobor"
275,"মৃতের জন্য মিলাদ করা কি বিদআত?","Is holding milad for the deceased bid'ah?","mriter jonno milad kora ki bidat",Religious_Innovation,Funeral_and_Mourning,"Bid'ah (rejected by majority)","মৃতের জন্য মিলাদের নির্দিষ্ট রীতি অধিকাংশ আলেমের মতে বিদআত।","The specific practice of milad for the dead is bid'ah according to the majority.","SEE_REFERENCE_SOURCE","Scholarly consensus on milad","Fiqh_Hanafi",NEEDS_VERIFICATION,"milad,bidat,dead"
276,"মৃত্যুশয্যায় ইন্না লিল্লাহি পড়া কি মুস্তাহাব?","Is reciting inna lillahi at death recommended?","mrittu shojjai inna lillahi pora ki mustahab",Recommended,Funeral_and_Mourning,"Sunnah","মুসিবতে ইন্না লিল্লাহি পড়া সুন্নত।","Reciting inna lillahi at death is sunnah.","Who, when disaster strikes them, say, 'Indeed we belong to Allah, and indeed to Him we will return'","Quran 2:156","Quran",verified,"inna lillahi,death,musibat"
277,"মৃত ব্যক্তির ভালো গুণ আলোচনা করা কি জায়েজ?","Is mentioning the good qualities of the deceased permissible?","mrito byaktir valo gun alochona kora ki jayez",Permissible,Funeral_and_Mourning,"Mubah / Mustahabb","মৃতের ভালো গুণ আলোচনা করা জায়েজ ও উত্তম।","Mentioning the good qualities of the deceased is permissible.","SEE_REFERENCE_SOURCE","Hadith on mentioning the dead with good","Sahih_Bukhari",NEEDS_VERIFICATION,"valo gun,deceased,mention"
278,"নারীদের জন্য উচ্চস্বরে বিলাপ করা কি হারাম?","Is loud wailing for women forbidden?","narider jonno ucchosrore bilap kora ki haram",Forbidden,Funeral_and_Mourning,"Haram","উচ্চস্বরে বিলাপ বা মাতম হারাম।","Loud wailing is forbidden.","The deceased is tortured by the wailing of his family","Sahih al-Bukhari 1290","Sahih_Bukhari",verified,"bilap,wailing,haram"
279,"শোক পালনে ইদ্দতের বিধান মানা কি ফরজ?","Is observing the mourning period obligatory?","shok palone iddoter bidhan mana ki foroj",Obligatory,Funeral_and_Mourning,"Fard (for widows)","বিধবার ৪ মাস ১০ দিন ইদ্দত পালন ফরজ।","Observing the 4 months 10 days waiting period is obligatory for widows.","And those who are taken in death among you and leave wives behind - they wait for themselves four months and ten days","Quran 2:234","Quran",verified,"shok,iddot,widow"
280,"জানাজার নামাজে দোয়া করা কি ফরজ?","Is making dua in the funeral prayer obligatory?","janajar namaje doya kora ki foroj",Obligatory,Funeral_and_Mourning,"Wajib (part of janazah)","জানাজার দোয়া জানাজার নামাজের মূল অংশ।","Supplication for the deceased is the core of the funeral prayer.","SEE_REFERENCE_SOURCE","Sahih Muslim on janazah dua","Sahih_Muslim",NEEDS_VERIFICATION,"janaja,dua,dead"
281,"মৃতকে দাফন করা কি ফরজ কিফায়া?","Is burying the deceased a communal obligation?","mrit ke dafon kora ki foroj kifaya",Obligatory,Funeral_and_Mourning,"Fard Kifayah","মৃতকে দাফন করা ফরজ কিফায়া।","Burying the deceased is a communal obligation.","SEE_REFERENCE_SOURCE","Sahih Muslim on burial","Sahih_Muslim",NEEDS_VERIFICATION,"dafon,bury,dead"
282,"ইসলামে উত্তরাধিকার আইন মানা কি ফরজ?","Is following Islamic inheritance law obligatory?","islam e uttoradhikar ain mana ki foroj",Obligatory,Family_and_Marriage,"Fard (definitive)","উত্তরাধিকার আইন মানা ফরজ।","Following Islamic inheritance law is obligatory.","These are the limits [set by] Allah, and whoever obeys Allah and His Messenger...","Quran 4:13","Quran",verified,"uttoradhikar,inheritance,law"
283,"হালাল পশু জবাইয়ের সময় বিসমিল্লাহ বলা কি ফরজ?","Is saying Bismillah at slaughter obligatory?","halal poshu jobai er somoy bismillah bola ki foroj",Obligatory,Food_and_Drink,"Fard / Wajib (Hanafi: must)","জবাইয়ের সময় বিসমিল্লাহ বলা ফরজ বা ওয়াজিব।","Saying Bismillah at slaughter is obligatory.","So eat of that over which the name of Allah has been mentioned","Quran 6:118","Quran",verified,"bismillah,jobai,slaughter"
284,"হালাল পশু জবাইয়ের সময় কিবলামুখী করা কি মুস্তাহাব?","Is facing the qiblah at slaughter recommended?","jobai er somoy kibla mukhi kora ki mustahab",Recommended,Food_and_Drink,"Mustahabb","জবাইয়ের সময় কিবলামুখী করা মুস্তাহাব।","Facing the qiblah at slaughter is recommended.","SEE_REFERENCE_SOURCE","Fiqh Hanafi on slaughter etiquettes","Fiqh_Hanafi",NEEDS_VERIFICATION,"kibla,jobai,slaughter"
285,"জবাইয়ের সময় ধারালো অস্ত্র ব্যবহার করা কি সুন্নত?","Is using a sharp tool for slaughter sunnah?","jobai er somoy dharalo ostro babohar kora ki sunnat",Recommended,Food_and_Drink,"Sunnah","ধারালো অস্ত্র ব্যবহার সুন্নত যাতে পশুর কষ্ট কম হয়।","Using a sharp tool is sunnah to minimize pain.","Allah has prescribed excellence in all things... when you slaughter, slaughter well","Sahih Muslim 1955","Sahih_Muslim",verified,"dharalo,sharp,slaughter"
286,"মুরগি জবাইয়ের সময় বিসমিল্লাহ বলা কি ফরজ?","Is saying Bismillah when slaughtering chicken obligatory?","murgi jobai er somoy bismillah bola ki foroj",Obligatory,Food_and_Drink,"Fard / Wajib","মুরগি জবাইয়ের সময়ও বিসমিল্লাহ বলা ওয়াজিব।","Saying Bismillah when slaughtering chicken is obligatory.","So eat of that over which the name of Allah has been mentioned","Quran 6:118","Quran",verified,"murgi,bismillah,slaughter"
287,"হালাল খাদ্য শনাক্ত করা কি ফরজ?","Is identifying halal food obligatory?","halal khadya shonakto kora ki foroj",Obligatory,Food_and_Drink,"Fard (necessary)","হালাল-হারাম খাদ্য চেনা জরুরি।","Identifying halal food is necessary.","O mankind, eat from whatever is on earth [that is] lawful and good","Quran 2:168","Quran",verified,"halal food,identify"
288,"অন্যের ক্ষেতে পশু চরানো কি হারাম?","Is grazing animals on others' land without permission forbidden?","onner khete poshu chorano ki haram",Forbidden,Business_and_Finance,"Haram","অন্যের জমিতে অনুমতি ছাড়া পশু চরানো হারাম।","Grazing on others' land without permission is forbidden.","SEE_REFERENCE_SOURCE","General principle of not consuming wealth unjustly","Quran",NEEDS_VERIFICATION,"khet,poshu,graze"
289,"মাপে কম দেওয়া কি হারাম?","Is short-measuring forbidden?","mape kom dewa ki haram",Forbidden,Business_and_Finance,"Haram","মাপে কম দেওয়া হারাম।","Short-measuring is forbidden.","Woe to those who give less [than due]","Quran 83:1","Quran",verified,"map,measure,short"
290,"ওজনে কম দেওয়া কি হারাম?","Is underweighting forbidden?","ojone kom dewa ki haram",Forbidden,Business_and_Finance,"Haram","ওজনে কম দেওয়া হারাম।","Underweighting is forbidden.","Woe to those who give less [than due]","Quran 83:1","Quran",verified,"ojon,weight,short"
291,"ধার্য মূল্যের বেশি নেওয়া কি হারাম?","Is overcharging beyond agreed price forbidden?","dharjo muller beshi neya ki haram",Forbidden,Business_and_Finance,"Haram","সম্মত মূল্যের বেশি নেওয়া হারাম।","Charging more than the agreed price is forbidden.","SEE_REFERENCE_SOURCE","General principle of fulfilling contracts","Quran",NEEDS_VERIFICATION,"mullo,price,overcharge"
292,"ধোঁকা দিয়ে পণ্য বিক্রি করা কি হারাম?","Is deceiving in selling goods forbidden?","dhoka diye ponno bikri kora ki haram",Forbidden,Business_and_Finance,"Haram","ধোঁকা দিয়ে পণ্য বিক্রি হারাম।","Deceiving in trade is forbidden.","The two parties of a sale have the option as long as they do not part... if they are truthful and clear, their sale is blessed; if they lie and conceal, the blessing is erased","Sahih al-Bukhari 2079","Sahih_Bukhari",verified,"dhoka,deceive,sale"
293,"পণ্যের দোষ লুকিয়ে বিক্রি করা কি হারাম?","Is hiding defects in goods when selling forbidden?","ponner dosh lukiye bikri kora ki haram",Forbidden,Business_and_Finance,"Haram","দোষ লুকিয়ে বিক্রি হারাম।","Concealing defects in goods is forbidden.","A Muslim is a brother to a Muslim: it is not lawful for a Muslim to sell something defective to his brother without pointing it out","Sunan Ibn Majah 2246","Ibn_Majah",verified,"dosh,defect,sell"
294,"কর্মচারীকে সময়মতো মজুরি না দেওয়া কি হারাম?","Is delaying workers' wages forbidden?","kormochari ke somoy moto mojuri na dewa ki haram",Forbidden,Business_and_Finance,"Haram","মজুরি বিলম্ব করা হারাম।","Delaying wages is forbidden.","Give the worker his wages before his sweat dries","Sunan Ibn Majah 2443","Ibn_Majah",verified,"mojuri,wages,delay"
295,"শ্রমিকের সাথে ভালো আচরণ করা কি ফরজ?","Is treating workers well obligatory?","sromik er sathe valo bebohar kora ki foroj",Obligatory,Business_and_Finance,"Wajib","শ্রমিকের সাথে ভালো আচরণ করা ওয়াজিব।","Treating workers well is obligatory.","SEE_REFERENCE_SOURCE","Hadith on rights of workers","Sahih_Bukhari",NEEDS_VERIFICATION,"sromik,worker,good"
296,"ইসলামে চাকরি করা কি জায়েজ?","Is having a job permissible in Islam?","islam e chakri kora ki jayez",Permissible,Business_and_Finance,"Mubah / Mustahabb","হালাল চাকরি করা জায়েজ ও উপার্জনের উত্তম মাধ্যম।","Having a lawful job is permissible and encouraged.","And say, 'Do [as you will], for Allah will see your deeds...'","Quran 9:105","Quran",verified,"chakri,job,work"
297,"সরকারি চাকরিতে ঘুষ ছাড়া কাজ করা কি ফরজ?","Is working without bribery in government jobs obligatory?","sorkari chakrite ghush chara kaj kora ki foroj",Obligatory,Business_and_Finance,"Fard / Wajib","ঘুষ ছাড়া সৎভাবে কাজ করা ফরজ।","Working honestly without bribery is obligatory.","And do not consume one another's wealth unjustly","Quran 2:188","Quran",verified,"ghush,sorkari chakri,honest"
298,"অন্যের জমি দখল করা কি হারাম?","Is occupying others' land forbidden?","onner jomi dokhol kora ki haram",Forbidden,Business_and_Finance,"Haram","অন্যের জমি দখল করা হারাম।","Occupying others' land is forbidden.","And do not consume one another's wealth unjustly","Quran 2:188","Quran",verified,"jomi dokhol,land grab"
299,"বাড়ি-ঘর নির্মাণ করা কি জায়েজ?","Is building houses permissible?","bari ghor nirman kora ki jayez",Permissible,Social_Conduct,"Mubah","বাড়ি-ঘর নির্মাণ জায়েজ।","Building houses is permissible.","And Allah has made for you from your homes a place of rest","Quran 16:80","Quran",verified,"bari,ghor,house"
300,"কৃষিকাজ করা কি উত্তম?","Is farming recommended?","krisi kaj kora ki uttom",Recommended,Business_and_Finance,"Mustahabb / Sunnah","কৃষিকাজ হালাল ও উত্তম উপার্জন।","Farming is a recommended halal occupation.","SEE_REFERENCE_SOURCE","Hadith on farming and planting","Sahih_Bukhari",NEEDS_VERIFICATION,"krisi,farming,chash"
301,"ব্যবসায় লাভ করা কি জায়েজ?","Is making profit in business permissible?","byabsay labh kora ki jayez",Permissible,Business_and_Finance,"Mubah","ব্যবসায় ন্যায্য লাভ জায়েজ।","Fair profit in trade is permissible.","Allah has permitted trade","Quran 2:275","Quran",verified,"labh,profit,business"
302,"মুনাফা লুকানো কি হারাম?","Is hiding profit forbidden?","munafa lukano ki haram",Forbidden,Business_and_Finance,"Haram (if deceptive)","দোষ বা তথ্য লুকিয়ে মুনাফা করা হারাম।","Hiding information for excessive profit is forbidden if deceptive.","SEE_REFERENCE_SOURCE","General principle of honesty in trade","Fiqh_Hanafi",NEEDS_VERIFICATION,"munafa,profit,hide"
303,"ইসলামে দারিদ্র্য দূরীকরণের চেষ্টা করা কি মুস্তাহাব?","Is striving to alleviate poverty recommended?","islam e daridro durikoron er chesta kora ki mustahab",Recommended,Social_Conduct,"Mustahabb / Wajib (for state)","দারিদ্র্য দূরীকরণে কাজ করা মুস্তাহাব ও সমাজের দায়িত্ব।","Working to alleviate poverty is recommended and a societal duty.","SEE_REFERENCE_SOURCE","Quran on justice and charity","Quran",NEEDS_VERIFICATION,"daridro,poverty,help"
304,"মজলিসে রাসূল (সা.)-এর আলোচনা করা কি মুস্তাহাব?","Is discussing the Prophet's life in gatherings recommended?","mojlis e rasul s er alochona kora ki mustahab",Recommended,Social_Conduct,"Mustahabb","রাসূলের জীবনী আলোচনা মুস্তাহাব ও ঈমান বৃদ্ধি করে।","Discussing the Prophet's life is recommended.","Indeed, in the Messenger of Allah you have an excellent example","Quran 33:21","Quran",verified,"rasul,alochona,seerah"
305,"সাহাবিদের জীবনী আলোচনা করা কি মুস্তাহাব?","Is discussing the lives of the Sahabah recommended?","sahaba der jiboni alochona kora ki mustahab",Recommended,Social_Conduct,"Mustahabb","সাহাবিদের জীবনী আলোচনা শিক্ষণীয় ও মুস্তাহাব।","Discussing the lives of the companions is recommended.","The best of people are my generation...","Sahih al-Bukhari 2652","Sahih_Bukhari",verified,"sahaba,jiboni,life"
306,"আল্লাহর নবীদের ঘটনা আলোচনা করা কি মুস্তাহাব?","Is discussing the stories of the prophets recommended?","allah r nobider ghotona alochona kora ki mustahab",Recommended,Faith_and_Aqidah,"Mustahabb","নবিদের ঘটনা আলোচনা কুরআনের নির্দেশিত ও মুস্তাহাব।","Discussing the stories of the prophets is recommended.","So relate the stories that perhaps they will give thought","Quran 7:176","Quran",verified,"nobi,prophets,story"
307,"জান্নাতের আলোচনা করা কি মুস্তাহাব?","Is discussing Paradise recommended?","jannater alochona kora ki mustahab",Recommended,Faith_and_Aqidah,"Mustahabb","জান্নাতের আলোচনা মুস্তাহাব ও আশা জাগায়।","Discussing Paradise is recommended and increases hope.","So give good tidings to the believers","Quran 2:25","Quran",verified,"jannat,discuss,paradise"
308,"জাহান্নামের ভয়াবহতা আলোচনা করা কি মুস্তাহাব?","Is discussing the severity of Hell recommended?","jahannamer bhoyabohota alochona kora ki mustahab",Recommended,Faith_and_Aqidah,"Mustahabb","জাহান্নামের আলোচনা ভয় ও তাকওয়া জাগায়।","Discussing Hell's severity increases taqwa.","And fear the Fire, which has been prepared for the disbelievers","Quran 3:131","Quran",verified,"jahannam,discuss,hell"
309,"মৃত্যুকে স্মরণ করা কি মুস্তাহাব?","Is remembering death recommended?","mrittu ke saron kora ki mustahab",Recommended,Faith_and_Aqidah,"Mustahabb","মৃত্যুকে স্মরণ করা মুস্তাহাব।","Remembering death is recommended.","Remember often the destroyer of pleasures: death","Sunan al-Tirmidhi 2307","Tirmidhi",verified,"mrittu,death,remember"
310,"আল্লাহর নিয়ামতের শোকর করা কি ফরজ?","Is being grateful for Allah's blessings obligatory?","allah r niyemoter shokor kora ki foroj",Obligatory,Faith_and_Aqidah,"Fard","আল্লাহর নিয়ামতের শোকর আদায় ফরজ।","Gratitude for Allah's blessings is obligatory.","And [remember] when your Lord proclaimed, 'If you are grateful, I will surely increase you'","Quran 14:7","Quran",verified,"shokor,niyomot,gratitude"
311,"অসুস্থ হলে চিকিৎসা করা কি জায়েজ?","Is seeking medical treatment permissible?","osustho hole chikitsa kora ki jayez",Permissible,Social_Conduct,"Mubah / Recommended","চিকিৎসা করা জায়েজ এবং সুন্নত।","Seeking medical treatment is permissible and recommended.","Make use of medical treatment, for Allah has not made a disease without appointing a remedy for it","Sunan Abi Dawood 3855","Abu_Dawood",verified,"chikitsa,medical,treatment"
312,"অসুস্থ ব্যক্তিকে দেখতে যাওয়া কি মুস্তাহাব?","Is visiting the sick recommended?","osustho byaktike dekhte jawa ki mustahab",Recommended,Social_Conduct,"Mustahabb / Sunnah","রোগী দেখতে যাওয়া সুন্নত।","Visiting the sick is sunnah.","When a Muslim visits his sick brother, he remains in the fruit harvest of Paradise","Sahih Muslim 2568","Sahih_Muslim",verified,"osustho,rogir dekha,visit"
313,"মুমূর্ষু ব্যক্তিকে কালিমা পড়ানো কি মুস্তাহাব?","Is prompting the Shahadah to a dying person recommended?","mumurshu byaktike kalima porano ki mustahab",Recommended,Funeral_and_Mourning,"Sunnah","মুমূর্ষুকে কালিমা পড়ানো সুন্নত।","Prompting the Shahadah to the dying is sunnah.","Prompt your dying ones to say: La ilaha illallah","Sahih Muslim 916","Sahih_Muslim",verified,"kalima,mumurshu,dying"
314,"মৃতকে দাফনের আগে গোসল দেওয়া কি ফরজ?","Is washing the deceased before burial obligatory?","mrit ke dafoner age gosol dewa ki foroj",Obligatory,Funeral_and_Mourning,"Fard Kifayah","মৃতকে গোসল দেওয়া ফরজ কিফায়া।","Washing the deceased is a communal obligation.","Wash him with water and sidr","Sahih al-Bukhari 1253","Sahih_Bukhari",verified,"gosol,deceased,wash"
315,"মৃতকে কাফন পরানো কি ফরজ?","Is shrouding the deceased obligatory?","mrit ke kafon porano ki foroj",Obligatory,Funeral_and_Mourning,"Fard Kifayah","মৃতকে কাফন পরানো ফরজ কিফায়া।","Shrouding the deceased is a communal obligation.","Wash him with water and sidr... and shroud him in two garments","Sahih al-Bukhari 1253","Sahih_Bukhari",verified,"kafon,shroud,deceased"
316,"জানাজার নামাজে অংশগ্রহণ কি সওয়াবের?","Is participating in the funeral prayer rewarded?","janajar namaje ongshogrohon ki soaber",Recommended,Funeral_and_Mourning,"Mustahabb / Fard Kifayah","জানাজায় অংশ নেওয়া ফরজ কিফায়া ও সওয়াবের কাজ।","Participating in the funeral prayer is rewarded.","Whoever attends the funeral until the prayer is offered will have a qirat of reward...","Sahih al-Bukhari 1325","Sahih_Bukhari",verified,"janaja,funeral,reward"
317,"মৃত ব্যক্তির জন্য দাফনের পর দোয়া করা কি মুস্তাহাব?","Is making dua after burial recommended?","dafoner por mrit er jonno doya kora ki mustahab",Recommended,Funeral_and_Mourning,"Mustahabb","দাফনের পর মৃতের জন্য ক্ষমা প্রার্থনা মুস্তাহাব।","Making dua for the deceased after burial is recommended.","Seek forgiveness for your brother and ask for his steadfastness, for he is now being questioned","Sunan Abi Dawood 3221","Abu_Dawood",verified,"dafon,dua,deceased"
318,"কবরের পাশে দাঁড়িয়ে কথা বলা কি জায়েজ?","Is talking beside a grave permissible?","koborer pashe dariye kotha bola ki jayez",Permissible,Funeral_and_Mourning,"Mubah (should be beneficial)","কবরের পাশে দাঁড়িয়ে কথা বলা জায়েজ, তবে উত্তম হলো দোয়া করা।","Talking beside a grave is permissible, but dua is better.","SEE_REFERENCE_SOURCE","General principle","Fiqh_Hanafi",NEEDS_VERIFICATION,"kotha,grave,talk"
319,"মৃতের ঋণ পরিশোধ করা কি ওয়াজিব?","Is paying the debts of the deceased obligatory?","mriter rin porishodh kora ki wajib",Obligatory,Family_and_Marriage,"Wajib (from estate)","মৃতের সম্পদ থেকে ঋণ পরিশোধ করা ওয়াজিব।","Paying the deceased's debts from their estate is obligatory.","The soul of the believer is suspended due to his debt until it is paid","Sunan al-Tirmidhi 1078","Tirmidhi",verified,"rin,debt,deceased"
320,"ওয়াদা পূরণ করা কি ফরজ?","Is fulfilling promises obligatory?","oada puron kora ki foroj",Obligatory,Social_Conduct,"Wajib","ওয়াদা পূরণ করা ওয়াজিব।","Fulfilling promises is obligatory.","And fulfill [every] commitment","Quran 17:34","Quran",verified,"oada,promise,fulfill"
321,"চুক্তি বা লেনদেন স্পষ্ট করা কি মুস্তাহাব?","Is making transactions clear recommended?","chukti ba len den sposto kora ki mustahab",Recommended,Business_and_Finance,"Mustahabb","লেনদেন স্পষ্ট করা মুস্তাহাব।","Making transactions clear is recommended.","SEE_REFERENCE_SOURCE","Hadith on clear transactions","Sahih_Bukhari",NEEDS_VERIFICATION,"len den,sposto,clear"
322,"দ্বিমুখী আচরণ (মুনাফিকি) করা কি হারাম?","Is duplicity (hypocrisy) forbidden?","dimukhi achoron munafiki kora ki haram",Forbidden,Social_Conduct,"Haram","দ্বিমুখী আচরণ মুনাফিকির লক্ষণ এবং হারাম।","Duplicity is a sign of hypocrisy and forbidden.","The worst of people is the one with two faces...","Sahih al-Bukhari 6057","Sahih_Bukhari",verified,"dimukhi,munafiki,two faced"
323,"ইসলামে পরিষ্কার-পরিচ্ছন্নতা কি ঈমানের অংশ?","Is cleanliness part of faith?","islam e poriskar porichchonnota ki imaner ongsho",Obligatory,Faith_and_Aqidah,"Fard / part of iman","পরিষ্কার-পরিচ্ছন্নতা ঈমানের অংশ।","Cleanliness is part of faith.","Cleanliness is half of faith","Sahih Muslim 223","Sahih_Muslim",verified,"poriskar,cleanliness,iman"
324,"দাঁত মাজা (মিসওয়াক) করা কি সুন্নত?","Is using miswak sunnah?","dat maja miswak kora ki sunnat",Recommended,Purity,"Sunnah Mu'akkadah","মিসওয়াক করা সুন্নত ও ফজিলতপূর্ণ।","Using miswak is an emphasized sunnah.","Were it not that I would burden my ummah, I would have commanded them to use miswak before every prayer","Sahih al-Bukhari 887","Sahih_Bukhari",verified,"miswak,dat maja,sunnat"
325,"গোসলের আগে অজু করা কি সুন্নত?","Is performing wudu before ghusl sunnah?","gosoler age oju kora ki sunnat",Recommended,Purity,"Sunnah","গোসলের আগে অজু করা সুন্নত।","Performing wudu before ghusl is sunnah.","The Prophet would perform wudu before ghusl","Sahih al-Bukhari 248","Sahih_Bukhari",verified,"oju,gosol,before"
326,"নামাজে দাঁড়িয়ে বিসমিল্লাহ পড়া কি সুন্নত?","Is saying Bismillah before Fatiha in prayer sunnah?","namaje dariye bismillah pora ki sunnat",Recommended,Worship,"Sunnah (disputed)","নামাজে বিসমিল্লাহ পড়া সুন্নত নিয়ে মতভেদ আছে।","Saying Bismillah in prayer is sunnah with scholarly difference.","SEE_REFERENCE_SOURCE","Hadith on recitation in prayer","Sahih_Bukhari",NEEDS_VERIFICATION,"bismillah,namaj,recite"
327,"সানা পড়া কি সুন্নত?","Is reciting Sana in prayer sunnah?","sana pora ki sunnat",Recommended,Worship,"Sunnah","নামাজের শুরুতে সানা পড়া সুন্নত।","Reciting Sana at the beginning of prayer is sunnah.","SEE_REFERENCE_SOURCE","Hadith on opening supplication","Sahih_Muslim",NEEDS_VERIFICATION,"sana,opening,dua"
328,"রুকুতে যাওয়া কি ফরজ?","Is bowing (ruku) obligatory in prayer?","rukute jawa ki foroj",Obligatory,Worship,"Fard (definitive)","নামাজে রুকু ফরজ।","Ruku is obligatory in prayer.","And bow with those who bow","Quran 2:43","Quran",verified,"ruku,namaj,fard"
329,"সিজদা করা কি ফরজ?","Is prostration (sujud) obligatory in prayer?","sijda kora ki foroj",Obligatory,Worship,"Fard (definitive)","নামাজে সিজদা ফরজ।","Sujud is obligatory in prayer.","Prostrate and draw near [to Allah]","Quran 96:19","Quran",verified,"sijda,prostration,fard"
330,"নামাজে ধীরস্থিরতা (তোমানিনা) অবলম্বন করা কি ফরজ?","Is composure (tumaninah) in prayer obligatory?","namaje dhir sthirota tomanina obolombon kora ki foroj",Obligatory,Worship,"Fard / Wajib","তোমানিনা বা ধীরস্থিরতা ফরজ (হানাফি মতে ওয়াজিব)।","Tumaninah (composure) is obligatory in prayer.","SEE_REFERENCE_SOURCE","Hadith on performing prayer calmly","Sahih_Bukhari",NEEDS_VERIFICATION,"tomanina,dhir sthirota,namaj"
331,"নামাজে সূরা ফাতিহা পড়া কি ফরজ?","Is reciting Surah Al-Fatiha in prayer obligatory?","namaje sura fatiha pora ki foroj",Obligatory,Worship,"Fard (Hanafi: wajib)","নামাজে সূরা ফাতিহা পড়া ফরজ বা ওয়াজিব।","Reciting Fatiha in prayer is obligatory.","There is no prayer for the one who does not recite the Opening of the Book","Sahih al-Bukhari 756","Sahih_Bukhari",verified,"fatiha,namaj,prayer"
332,"নামাজে তাশাহহুদ পড়া কি ওয়াজিব?","Is reciting tashahhud in prayer obligatory?","namaje tashahhud pora ki wajib",Obligatory,Worship,"Wajib (Hanafi)","নামাজে তাশাহহুদ পড়া ওয়াজিব।","Reciting tashahhud is wajib in prayer.","SEE_REFERENCE_SOURCE","Hadith on tashahhud","Sahih_Bukhari",NEEDS_VERIFICATION,"tashahhud,attahiyat,namaj"
333,"নামাজে দুরুদ শরিফ পড়া কি সুন্নত?","Is reciting salawat in prayer sunnah?","namaje duruud sharif pora ki sunnat",Recommended,Worship,"Sunnah","নামাজে দুরুদ শরিফ পড়া সুন্নত।","Reciting salawat in prayer is sunnah.","SEE_REFERENCE_SOURCE","Hadith on salawat in prayer","Sahih_Bukhari",NEEDS_VERIFICATION,"duruud,salawat,namaj"
334,"নামাজের পরে দোয়া করা কি মুস্তাহাব?","Is making dua after prayer recommended?","namajer pore doya kora ki mustahab",Recommended,Worship,"Mustahabb","নামাজের পরে দোয়া করা মুস্তাহাব।","Making dua after prayer is recommended.","The best supplication is on the day of Arafah... and the best of what I and the prophets before me said is La ilaha illallah","Sunan al-Tirmidhi 3585","Tirmidhi",verified,"dua,after prayer,namaj"
335,"মসজিদে দুনিয়াবি কথা বলা কি মাকরুহ?","Is talking about worldly matters in the mosque disliked?","mosjide duniyabi kotha bola ki makruh",Disliked,Worship,"Makruh Tanzihi","মসজিদে দুনিয়াবি কথা বলা মাকরুহ।","Worldly talk in the mosque is disliked.","SEE_REFERENCE_SOURCE","Hadith on mosque etiquettes","Sahih_Bukhari",NEEDS_VERIFICATION,"mosjid,duniyabi talk,makruh"
336,"মসজিদে থুথু ফেলা কি মাকরুহ?","Is spitting in the mosque disliked?","mosjide thuthu fela ki makruh",Disliked,Worship,"Makruh / Haram","মসজিদে থুথু ফেলা মাকরুহ বা নিষিদ্ধ।","Spitting in the mosque is disliked.","Spitting in the mosque is a sin and its expiation is burying it","Sahih al-Bukhari 415","Sahih_Bukhari",verified,"thuthu,mosjid,spit"
337,"মসজিদে ইতিকাফ করা কি সুন্নত?","Is observing i'tikaf in the mosque sunnah?","mosjide etikaf kora ki sunnat",Recommended,Worship,"Sunnah","মসজিদে ইতিকাফ সুন্নত।","Observing i'tikaf in the mosque is sunnah.","The Prophet used to observe i'tikaf in the last ten days of Ramadan","Sahih al-Bukhari 2025","Sahih_Bukhari",verified,"etikaf,mosjid,i'tikaf"
338,"আযান দেওয়া কি সুন্নত?","Is giving the adhan sunnah?","ajan dewa ki sunnat",Recommended,Worship,"Sunnah Mu'akkadah / Fard Kifayah","আযান দেওয়া সুন্নত মুয়াক্কাদা বা ফরজ কিফায়া।","Giving the adhan is an emphasized sunnah or communal obligation.","When you go to your beds, say Allahu akbar...","Sahih al-Bukhari 586","Sahih_Bukhari",NEEDS_VERIFICATION,"ajan,adhan,sunnat"
339,"আযানের জবাব দেওয়া কি মুস্তাহাব?","Is responding to the adhan recommended?","ajan er jobab dewa ki mustahab",Recommended,Worship,"Mustahabb","আযানের জবাব দেওয়া মুস্তাহাব।","Responding to the adhan is recommended.","When you hear the muadhdhin, repeat what he says","Sahih Muslim 384","Sahih_Muslim",verified,"ajan,response,muadhdhin"
340,"আযানের পরে দোয়া করা কি মুস্তাহাব?","Is making dua after adhan recommended?","ajaner pore doya kora ki mustahab",Recommended,Worship,"Mustahabb","আযানের পরে দোয়া করা মুস্তাহাব ও কবুল হয়।","Making dua after adhan is recommended.","The supplication made between the adhan and the iqamah is not rejected","Sunan Abi Dawood 521","Abu_Dawood",verified,"ajan,dua,after"
341,"জুমার দিন আগে গিয়ে মসজিদে বসা কি মুস্তাহাব?","Is going early to the mosque on Friday recommended?","jumar din age giye mosjide bosha ki mustahab",Recommended,Worship,"Mustahabb","জুমার দিন আগে যাওয়া মুস্তাহাব।","Going early to the mosque on Friday is recommended.","On Friday, the angels stand at the door of the mosque and write down the first to come and then the next...","Sahih al-Bukhari 3211","Sahih_Bukhari",verified,"juma,early,mosque"
342,"জুমার দিন সূরা কাহাফ পড়া কি মুস্তাহাব?","Is reciting Surah Kahf on Friday recommended?","jumar din sura kahaf pora ki mustahab",Recommended,Worship,"Mustahabb","জুমার দিন সূরা কাহাফ পড়া মুস্তাহাব।","Reciting Surah Kahf on Friday is recommended.","Whoever recites Surah al-Kahf on Friday, light will shine for him between the two Fridays","Sunan al-Darimi 3402","Nasai",NEEDS_VERIFICATION,"kahaf,sura,juma"
343,"জুমার দিন বেশি বেশি দুরুদ পড়া কি মুস্তাহাব?","Is sending extra salawat on Friday recommended?","jumar din beshi beshi duruud pora ki mustahab",Recommended,Worship,"Mustahabb","জুমার দিন বেশি দুরুদ পড়া মুস্তাহাব।","Sending extra salawat on Friday is recommended.","Send salawat upon me abundantly on Friday","Sunan Abi Dawood 1047","Abu_Dawood",verified,"duruud,salawat,juma"
344,"রমজান মাসে বেশি বেশি কুরআন পড়া কি মুস্তাহাব?","Is reciting Quran more in Ramadan recommended?","ramjan mashe beshi beshi quran pora ki mustahab",Recommended,Worship,"Mustahabb","রমজানে বেশি কুরআন পড়া মুস্তাহাব।","Reciting Quran more in Ramadan is recommended.","SEE_REFERENCE_SOURCE","Hadith on Jibril reviewing Quran with Prophet in Ramadan","Sahih_Bukhari",NEEDS_VERIFICATION,"quran,ramadan,recite"
345,"রমজান মাসে দান-সদকা করা কি মুস্তাহাব?","Is giving charity in Ramadan recommended?","ramjan mashe dan sodka kora ki mustahab",Recommended,Worship,"Mustahabb","রমজানে দান-সদকা বাড়ানো মুস্তাহাব।","Increasing charity in Ramadan is recommended.","The Prophet was the most generous of people, and he was even more generous in Ramadan","Sahih al-Bukhari 1902","Sahih_Bukhari",verified,"dan,sodka,ramadan"
346,"রোজা রেখে মিথ্যা বলা কি হারাম?","Is lying while fasting forbidden?","roja rekhe mittha bola ki haram",Forbidden,Worship,"Haram (sin, though fast not invalidated)","মিথ্যা বলা হারাম, তবে রোজা ভঙ্গ হয় না।","Lying is forbidden, though it does not break the fast.","Whoever does not give up false speech and acting upon it, Allah has no need of his giving up his food and drink","Sahih al-Bukhari 1903","Sahih_Bukhari",verified,"mittha,lie,fasting"
347,"রোজা রেখে গিবত করা কি হারাম?","Is backbiting while fasting forbidden?","roja rekhe gibat kora ki haram",Forbidden,Worship,"Haram (sin, fast not invalidated)","গিবত করা হারাম, তবে রোজা ভঙ্গ হয় না।","Backbiting is forbidden, though it does not break the fast.","SEE_REFERENCE_SOURCE","Sahih al-Bukhari 1903 (on false speech while fasting)","Sahih_Bukhari",NEEDS_VERIFICATION,"gibat,backbiting,fasting"
348,"রোজা রেখে স্ত্রীকে স্পর্শ করা কি জায়েজ?","Is touching one's wife while fasting permissible?","roja rekhe strike sporsho kora ki jayez",Permissible,Worship,"Mubah (if no ejaculation)","নিয়ন্ত্রণ থাকলে স্ত্রীকে স্পর্শ করা জায়েজ।","Touching one's wife while fasting is permissible if controlled.","The Prophet used to kiss and touch his wives while fasting, but he was the most able to control his desire","Sahih al-Bukhari 1927","Sahih_Bukhari",verified,"sporsho,touch,wife,fasting"
349,"রোজা রেখে চুমু খাওয়া কি জায়েজ?","Is kissing one's wife while fasting permissible?","roja rekhe chumu khawa ki jayez",Permissible,Family_and_Marriage,"Mubah (if controlled)","রোজা অবস্থায় চুমু খাওয়া জায়েজ যদি নিয়ন্ত্রণ থাকে।","Kissing while fasting is permissible if desire is controlled.","The Prophet used to kiss and touch his wives while fasting","Sahih al-Bukhari 1927","Sahih_Bukhari",verified,"chumu,kiss,fasting"
350,"রোজা রেখে গোসল করা কি জায়েজ?","Is bathing while fasting permissible?","roja rekhe gosol kora ki jayez",Permissible,Purity,"Mubah","রোজা অবস্থায় গোসল করা জায়েজ।","Bathing while fasting is permissible.","The Prophet poured water over his head while fasting","Sahih al-Bukhari 1930","Sahih_Bukhari",verified,"gosol,bath,fasting"
351,"ওজু করার দোয়া কী?","What is the dua for performing wudu?","oju korar doa ki",Recommended,Worship,"Mustahabb (recommended dhikr)","ওজুর শুরুতে বিসমিল্লাহ বলা এবং শেষে শাহাদাহ্ পড়া মুস্তাহাব।","Saying Bismillah at the start and the Shahadah after wudu is recommended.","I bear witness that there is no deity but Allah alone, with no partner, and I bear witness that Muhammad is His servant and Messenger","Sahih Muslim 234","Sahih_Muslim",verified,"ojur doa,wudu dua,bismillah,shahadah"
352,"মসজিদে প্রবেশের দোয়া কী?","What is the dua for entering the mosque?","mosjide dhukar doa ki",Recommended,Worship,"Mustahabb (recommended dhikr)","মসজিদে প্রবেশের সময় নির্দিষ্ট দোয়া পড়া সুন্নত।","Reciting the prescribed dua when entering the mosque is sunnah.","O Allah, open for me the doors of Your mercy","Sahih Muslim 713","Sahih_Muslim",verified,"mosjide dhukar doa,entering mosque dua,masjid"
353,"মসজিদ থেকে বের হওয়ার দোয়া কী?","What is the dua for leaving the mosque?","mosjid theke ber howar doa ki",Recommended,Worship,"Mustahabb (recommended dhikr)","মসজিদ থেকে বের হওয়ার সময় নির্দিষ্ট দোয়া পড়া সুন্নত।","Reciting the prescribed dua when leaving the mosque is sunnah.","O Allah, I ask You of Your bounty","Sahih Muslim 713","Sahih_Muslim",verified,"mosjid ber howar doa,leaving mosque,dua"
354,"খাওয়ার আগের দোয়া কী?","What is the dua before eating?","khaowar ager doa ki",Recommended,Food_and_Drink,"Mustahabb (recommended dhikr)","খাওয়ার আগে বিসমিল্লাহ বলা সুন্নত।","Saying Bismillah before eating is sunnah.","Say Bismillah, eat with your right hand, and eat from what is nearest to you","Sahih al-Bukhari 5376","Sahih_Bukhari",verified,"khaowar doa,before eating,bismillah"
355,"খাওয়ার পরের দোয়া কী?","What is the dua after eating?","khaowar porer doa ki",Recommended,Food_and_Drink,"Mustahabb (recommended dhikr)","খাওয়ার শেষে আল্লাহর প্রশংসা করা সুন্নত।","Praising Allah after eating is sunnah.","Praise be to Allah who fed me this and provided it for me without any strength or power on my part","Sunan al-Tirmidhi 3458","Tirmidhi",verified,"khaowar porer doa,after eating,alhamdulillah"
356,"ঘুমানোর আগের দোয়া কী?","What is the dua before sleeping?","ghumanor ager doa ki",Recommended,Social_Conduct,"Mustahabb (recommended dhikr)","ঘুমানোর আগে নির্দিষ্ট দোয়া ও জিকির করা সুন্নত।","Reciting the prescribed duas before sleeping is sunnah.","In Your name, O Allah, I die and I live","Sahih al-Bukhari 6324","Sahih_Bukhari",verified,"ghumanor doa,sleeping dua,before sleep"
357,"ঘুম থেকে উঠার দোয়া কী?","What is the dua after waking up?","ghum theke othar doa ki",Recommended,Social_Conduct,"Mustahabb (recommended dhikr)","ঘুম থেকে উঠে আল্লাহর প্রশংসা করা সুন্নত।","Praising Allah upon waking is sunnah.","Praise be to Allah who gave us life after death, and to Him is the resurrection","Sahih al-Bukhari 6312","Sahih_Bukhari",verified,"ghum othar doa,waking dua,alhamdulillah"
358,"বাথরুমে প্রবেশের দোয়া কী?","What is the dua for entering the bathroom?","bathroom e dhukar doa ki",Recommended,Purity,"Mustahabb (recommended dhikr)","বাথরুমে প্রবেশের আগে নির্দিষ্ট দোয়া পড়া সুন্নত।","Reciting the prescribed dua before entering the bathroom is sunnah.","O Allah, I seek refuge in You from the male and female devils","Sahih al-Bukhari 142","Sahih_Bukhari",verified,"bathroom dua,toilet,entry"
359,"বাথরুম থেকে বের হওয়ার দোয়া কী?","What is the dua after leaving the bathroom?","bathroom theke ber howar doa ki",Recommended,Purity,"Mustahabb (recommended dhikr)","বাথরুম থেকে বের হয়ে ইস্তিগফার করা সুন্নত।","Seeking forgiveness after leaving the bathroom is sunnah.","[O Allah, I seek] Your forgiveness","Sunan Abi Dawood 30","Abu_Dawood",verified,"bathroom exit,toilet dua,ghufranak"
360,"সফর শুরু করার দোয়া কী?","What is the dua for starting a journey?","safar shuru korar doa ki",Recommended,Social_Conduct,"Mustahabb (recommended dhikr)","সফরের শুরুতে নির্দিষ্ট দোয়া পড়া সুন্নত।","Reciting the prescribed dua when starting a journey is sunnah.","Glory be to Him who has subjected this to us, and we could not have done it ourselves","Quran 43:13","Quran",verified,"safar dua,journey,travel"
361,"বৃষ্টি দেখে দোয়া করা কি সুন্নত?","Is making dua upon seeing rain sunnah?","bristi dekhe doa kora ki sunnat",Recommended,Social_Conduct,"Mustahabb (recommended dhikr)","বৃষ্টির সময় দোয়া করা সুন্নত।","Making dua when it rains is sunnah.","O Allah, [make it] a beneficial rain","Sahih al-Bukhari 1032","Sahih_Bukhari",verified,"bristi dua,rain,beneficial"
362,"বজ্রপাতের সময় দোয়া করা কি সুন্নত?","Is making dua during thunder sunnah?","bojropater somoy doa kora ki sunnat",Recommended,Social_Conduct,"Mustahabb (recommended dhikr)","বজ্রপাতের সময় আল্লাহর তাসবিহ পড়া সুন্নত।","Reciting tasbih during thunder is sunnah.","Glory be to Him whose praise the thunder and angels exalt","Sahih al-Bukhari 1017","Sahih_Bukhari",NEEDS_VERIFICATION,"bojropat,thunder,dua"
363,"অসুস্থ ব্যক্তির জন্য দোয়া করা কি মুস্তাহাব?","Is making dua for the sick recommended?","osustho byaktir jonno doa kora ki mustahab",Recommended,Social_Conduct,"Mustahabb","অসুস্থ ব্যক্তির জন্য দোয়া করা মুস্তাহাব।","Making dua for the sick is recommended.","O Allah, Lord of mankind, remove the harm and heal, for You are the Healer","Sahih al-Bukhari 5675","Sahih_Bukhari",verified,"osustho dua,sick,healing"
364,"হাঁচি দেওয়ার পর দোয়া কী?","What is the dua after sneezing?","hachi dewar por doa ki",Recommended,Social_Conduct,"Mustahabb (recommended dhikr)","হাঁচির পর আলহামদুলিল্লাহ বলা সুন্নত।","Saying Alhamdulillah after sneezing is sunnah.","When one of you sneezes, let him say: Alhamdulillah","Sahih al-Bukhari 6224","Sahih_Bukhari",verified,"hachi,sneeze,alhamdulillah"
365,"হাঁচির জবাব দেওয়া কি ওয়াজিব?","Is responding to a sneeze obligatory?","hachir jobab dewa ki wajib",Obligatory,Social_Conduct,"Wajib (communal)","হাঁচির জবাবে ইয়ারহামুকাল্লাহ বলা ওয়াজিব।","Responding to a sneeze with Yarhamukallah is obligatory.","When one of you sneezes and says Alhamdulillah, his brother should say: Yarhamukallah","Sahih al-Bukhari 6224","Sahih_Bukhari",verified,"hachi jobab,sneeze reply,yarhamukallah"
366,"কুরআন খতমের দোয়া করা কি জায়েজ?","Is making dua after completing the Quran permissible?","quran khotomer doa kora ki jayez",Permissible,Worship,"Mubah (permissible)","কুরআন খতমের পর দোয়া করা জায়েজ, তবে নির্দিষ্ট পদ্ধতি বাধ্যতামূলক নয়।","Making dua after completing the Quran is permissible, but a fixed format is not obligatory.","SEE_REFERENCE_SOURCE","General principle of dua","Fiqh_Hanafi",NEEDS_VERIFICATION,"khotom dua,quran completion"
367,"তারাবিহ নামাজ পড়া কি সুন্নত?","Is Tarawih prayer sunnah?","tarabih namaj pora ki sunnat",Recommended,Worship,"Sunnah Mu'akkadah","তারাবিহ সুন্নত মুয়াক্কাদা।","Tarawih is an emphasized sunnah.","Whoever prays during the nights of Ramadan with faith and hope, his previous sins will be forgiven","Sahih al-Bukhari 37","Sahih_Bukhari",verified,"tarabih,taraweeh,ramadan"
368,"চাশতের নামাজ পড়া কি মুস্তাহাব?","Is Duha prayer recommended?","chasoter namaj pora ki mustahab",Recommended,Worship,"Mustahabb","চাশতের নামাজ মুস্তাহাব।","Duha prayer is recommended.","In the morning, charity is due for every joint of yours... two rak'ahs of Duha suffice for that","Sahih Muslim 720","Sahih_Muslim",verified,"chasot,duha,forenoon"
369,"ইশরাকের নামাজ পড়া কি মুস্তাহাব?","Is Ishraq prayer recommended?","ishrak er namaj pora ki mustahab",Recommended,Worship,"Mustahabb","ইশরাকের নামাজ মুস্তাহাব।","Ishraq prayer is recommended.","Whoever prays Fajr in congregation, then sits remembering Allah until sunrise, then prays two rak'ahs, will have a reward like that of Hajj and Umrah","Sunan al-Tirmidhi 586","Tirmidhi",verified,"ishrak,sunrise,prayer"
370,"আউওয়াবিন নামাজ পড়া কি মুস্তাহাব?","Is Awwabin prayer recommended?","awwabin namaj pora ki mustahab",Recommended,Worship,"Mustahabb","আউওয়াবিন নামাজ মুস্তাহাব।","Awwabin prayer is recommended.","Whoever prays six rak'ahs after Maghrib... it is the prayer of the Awwabin","Sunan al-Tirmidhi 435","Tirmidhi",NEEDS_VERIFICATION,"awwabin,maghrib,six rakat"
371,"তাহিয়্যাতুল মসজিদ পড়া কি সুন্নত?","Is Tahiyyat al-Masjid prayer sunnah?","tahiyyatul mosjid pora ki sunnat",Recommended,Worship,"Sunnah","মসজিদে প্রবেশ করে দুই রাকাত তাহিয়্যাতুল মসজিদ পড়া সুন্নত।","Praying two rak'ahs upon entering the mosque is sunnah.","When one of you enters the mosque, let him pray two rak'ahs before sitting","Sahih al-Bukhari 444","Sahih_Bukhari",verified,"tahiyyatul masjid,mosque,prayer"
372,"ইস্তিখারা করা কি মুস্তাহাব?","Is performing istikhara recommended?","istikhara kora ki mustahab",Recommended,Worship,"Mustahabb","সিদ্ধান্তের আগে ইস্তিখারা করা সুন্নত।","Performing istikhara before a decision is sunnah.","If any of you intends to do something, let him pray two rak'ahs and then say the du'a of istikhara","Sahih al-Bukhari 1162","Sahih_Bukhari",verified,"istikhara,decision,dua"
373,"শবে বরাত পালন করা কি বিদআত?","Is celebrating Shab-e-Barat an innovation?","shobe borat palon kora ki bidat",Religious_Innovation,Worship,"Bid'ah (disputed)","শবে বরাতের বিশেষ রাত হিসেবে পালন নিয়ে মতভেদ আছে; অনেক আলেম একে বিদআত বলেন।","Celebrating Shab-e-Barat as a special night is disputed; many scholars consider it bid'ah.","SEE_REFERENCE_SOURCE","Scholarly views on Shab-e-Barat","Fiqh_Hanafi",NEEDS_VERIFICATION,"shob e borat,shab e barat,bidat"
374,"শবে মেরাজ পালন করা কি বিদআত?","Is celebrating Shab-e-Miraj an innovation?","shobe meraj palon kora ki bidat",Religious_Innovation,Worship,"Bid'ah (disputed)","শবে মেরাজ বিশেষ রাত হিসেবে পালন অনেক আলেমের মতে বিদআত।","Celebrating Shab-e-Miraj as a special night is considered bid'ah by many scholars.","SEE_REFERENCE_SOURCE","Scholarly views on Shab-e-Miraj","Fiqh_Hanafi",NEEDS_VERIFICATION,"shob e meraj,isra miraj,bidat"
375,"ঈদে মিলাদুন্নবী পালন করা কি বিদআত?","Is celebrating Eid-e-Miladunnabi bid'ah?","eid e miladunnabi palon kora ki bidat",Religious_Innovation,Worship,"Bid'ah (majority view)","মিলাদুন্নবী পরবর্তী উদ্ভাবন; অধিকাংশ আলেম একে বিদআত বলেন।","Eid-e-Miladunnabi is a later innovation; most scholars consider it bid'ah.","SEE_REFERENCE_SOURCE","Scholarly consensus on milad","Fiqh_Hanafi",NEEDS_VERIFICATION,"milad,eid miladunnabi,bidat"
376,"দরুদ শরিফ পড়ার নিয়ম কী?","What is the method of reciting salawat?","dorud sharif porar niom ki",Recommended,Worship,"Mustahabb","দরুদ শরিফ পড়া মুস্তাহাব এবং সর্বোত্তম হলো ইব্রাহিমি দরুদ।","Reciting salawat is recommended; the Ibrahimiyyah formula is best.","O Allah, send blessings upon Muhammad and upon the family of Muhammad as You sent blessings upon Ibrahim...","Sahih al-Bukhari 3370","Sahih_Bukhari",verified,"dorud,salawat,ibrahimiyyah"
377,"রুকু থেকে ওঠার দোয়া কী?","What is the dua when rising from ruku?","ruku theke othar doa ki",Recommended,Worship,"Mustahabb (recommended dhikr)","রুকু থেকে ওঠার সময় সামিআল্লাহু লিমান হামিদাহ বলা সুন্নত।","Saying Sami'Allahu liman hamidah when rising from ruku is sunnah.","When the imam says Sami'Allahu liman hamidah, say: Rabbana wa lakal hamd","Sahih al-Bukhari 795","Sahih_Bukhari",verified,"ruku,rise,sami allahu"
378,"সিজদার তাসবিহ কী?","What is the tasbih in sujud?","sijdar tasbih ki",Recommended,Worship,"Mustahabb (recommended dhikr)","সিজদায় সুবহানা রাব্বিয়াল আলা পড়া সুন্নত।","Reciting Subhana Rabbiyal A'la in sujud is sunnah.","When the Prophet prostrated, he would say: Subhana Rabbiyal A'la","Sahih Muslim 772","Sahih_Muslim",verified,"sijda tasbih,subhana rabbiyal ala,sujud"
379,"রুকুর তাসবিহ কী?","What is the tasbih in ruku?","rukur tasbih ki",Recommended,Worship,"Mustahabb (recommended dhikr)","রুকুতে সুবহানা রাব্বিয়াল আজিম পড়া সুন্নত।","Reciting Subhana Rabbiyal Azim in ruku is sunnah.","When the Prophet bowed, he would say: Subhana Rabbiyal Azim","Sahih Muslim 772","Sahih_Muslim",verified,"ruku tasbih,subhana rabbiyal azim"
380,"সকালের দোয়া কী?","What is the morning dua?","sokaler doa ki",Recommended,Worship,"Mustahabb (recommended dhikr)","সকাল-সন্ধ্যার জিকির করা সুন্নত ও সুরক্ষার মাধ্যম।","Morning adhkar are recommended and protective.","O Allah, by You we enter the morning and by You we enter the evening","Sunan al-Tirmidhi 3384","Tirmidhi",verified,"sokal doa,morning adhkar"
381,"সন্ধ্যার দোয়া কী?","What is the evening dua?","sondhar doa ki",Recommended,Worship,"Mustahabb (recommended dhikr)","সন্ধ্যার জিকির করা সুন্নত।","Evening adhkar are recommended.","O Allah, by You we enter the evening and by You we enter the morning","Sunan al-Tirmidhi 3384","Tirmidhi",verified,"sondha doa,evening adhkar"
382,"বিপদে পড়ে দোয়া করা কি মুস্তাহাব?","Is making dua in distress recommended?","bipode pore doa kora ki mustahab",Recommended,Faith_and_Aqidah,"Mustahabb","বিপদে আল্লাহর কাছে দোয়া করা মুস্তাহাব।","Making dua in distress is recommended.","O Allah, I seek refuge in You from worry and grief","Sunan Abi Dawood 1555","Abu_Dawood",verified,"bipod,distress,dua"
383,"ঋণ থেকে মুক্তির দোয়া করা কি মুস্তাহাব?","Is making dua to be freed from debt recommended?","rin theke muktir doa kora ki mustahab",Recommended,Business_and_Finance,"Mustahabb","ঋণ থেকে মুক্তির জন্য দোয়া করা মুস্তাহাব।","Making dua for relief from debt is recommended.","O Allah, suffice me with Your lawful provision against Your unlawful, and enrich me by Your grace from all besides You","Sunan al-Tirmidhi 3563","Tirmidhi",verified,"rin,debt,dua"
384,"আল্লাহর কাছে হেদায়েত চাওয়া কি ফরজ?","Is asking Allah for guidance obligatory?","allah r kache hedayet chawa ki foroj",Obligatory,Worship,"Fard (in every prayer)","নামাজে সূরা ফাতিহায় হেদায়েত চাওয়া ফরজের অংশ।","Asking for guidance in Surah Al-Fatiha is part of every prayer.","Guide us to the straight path","Quran 1:6","Quran",verified,"hedayet,guidance,fatiha"
385,"সূরা ফাতিহা পড়ার ফজিলত কী?","What is the virtue of Surah Al-Fatiha?","sura fatiha porar fozilot ki",Recommended,Worship,"Mustahabb to learn","সূরা ফাতিহা কুরআনের শ্রেষ্ঠ সূরা।","Surah Al-Fatiha is the greatest chapter of the Quran.","It is the seven oft-repeated verses and the great Quran which I have been given","Sahih al-Bukhari 4474","Sahih_Bukhari",verified,"fatiha,virtue,seven verses"
386,"সূরা ইখলাস পড়ার ফজিলত কী?","What is the virtue of Surah Al-Ikhlas?","sura ikhlas porar fozilot ki",Recommended,Worship,"Mustahabb","সূরা ইখলাস কুরআনের এক-তৃতীয়াংশের সমান।","Surah Al-Ikhlas equals one-third of the Quran.","By Him in whose hand my soul is, it is equal to one-third of the Quran","Sahih al-Bukhari 5013","Sahih_Bukhari",verified,"ikhlas,sura,one third"
387,"সূরা ইয়াসিন পড়ার ফজিলত কী?","What is the virtue of Surah Yasin?","sura yasin porar fozilot ki",Recommended,Worship,"Mustahabb","সূরা ইয়াসিন কুরআনের হৃদয়।","Surah Yasin is the heart of the Quran.","Indeed, everything has a heart, and the heart of the Quran is Yasin","Sunan al-Tirmidhi 2887","Tirmidhi",NEEDS_VERIFICATION,"yasin,sura,heart"
388,"সূরা মুলক পড়ার ফজিলত কী?","What is the virtue of Surah Al-Mulk?","sura mulk porar fozilot ki",Recommended,Worship,"Mustahabb","সূরা মুলক কবরের আজাব থেকে রক্ষা করে।","Surah Al-Mulk intercedes for its reciter.","There is a surah of thirty verses that intercedes for a man until he is forgiven","Sunan al-Tirmidhi 2891","Tirmidhi",verified,"mulk,sura,intercede"
389,"আয়াতুল কুরসি পড়ার ফজিলত কী?","What is the virtue of Ayat al-Kursi?","ayatul kursi porar fozilot ki",Recommended,Worship,"Mustahabb","আয়াতুল কুরসি কুরআনের শ্রেষ্ঠ আয়াত।","Ayat al-Kursi is the greatest verse of the Quran.","It is the greatest verse in the Book of Allah","Sahih Muslim 810","Sahih_Muslim",verified,"ayatul kursi,greatest verse"
390,"ঘুমানোর আগে আয়াতুল কুরসি পড়া কি সুন্নত?","Is reciting Ayat al-Kursi before sleeping sunnah?","ghumanor age ayatul kursi pora ki sunnat",Recommended,Worship,"Sunnah","ঘুমানোর আগে আয়াতুল কুরসি পড়া সুন্নত ও সুরক্ষার মাধ্যম।","Reciting Ayat al-Kursi before sleeping is sunnah and protective.","Whoever recites it at night, a protector from Allah will remain with him and no devil will approach until morning","Sahih al-Bukhari 2311","Sahih_Bukhari",verified,"ayatul kursi,sleep,protection"
391,"সকাল-সন্ধ্যায় সূরা ইখলাস, ফালাক, নাস পড়া কি সুন্নত?","Is reciting Ikhlas, Falaq, Nas morning and evening sunnah?","sokal sondhai ikhlas falak nas pora ki sunnat",Recommended,Worship,"Sunnah","সকাল-সন্ধ্যায় তিন কুল পড়া সুন্নত ও সুরক্ষার মাধ্যম।","Reciting the three Quls morning and evening is sunnah and protective.","Recite: Qul huwa Allahu ahad, and the two protective surahs three times in the morning and evening; they will suffice you from everything","Sunan al-Tirmidhi 3575","Tirmidhi",verified,"three quls,ikhlas,falak,nas"
392,"দোয়া কবুলের শর্ত কী?","What are the conditions for accepted dua?","doa kobuler sorto ki",Recommended,Faith_and_Aqidah,"Mustahabb to learn","হালাল উপার্জন, একাগ্রতা ও ধৈর্য দোয়া কবুলের শর্ত।","Halal earnings, sincerity, and patience are conditions for accepted dua.","Call upon Me; I will respond to you","Quran 40:60","Quran",verified,"doa kobul,condition,dua"
393,"ইসলামে দলিল ছাড়া কথা বলা কি নিষিদ্ধ?","Is speaking without knowledge forbidden?","islam e dolil chara kotha bola ki nishiddho",Forbidden,Faith_and_Aqidah,"Haram (major sin)","দ্বীনের ব্যাপারে দলিল ছাড়া কথা বলা হারাম।","Speaking about religion without knowledge is forbidden.","Say, My Lord has only forbidden immorality... and that you say about Allah that which you do not know","Quran 7:33","Quran",verified,"dolil chara,knowledge,without"
394,"আলেমদের সম্মান করা কি ফরজ?","Is honoring scholars obligatory?","alem der somman kora ki foroj",Obligatory,Social_Conduct,"Wajib","আলেমদের সম্মান করা ওয়াজিব।","Honoring scholars is obligatory.","The scholars are the heirs of the prophets","Sunan Abi Dawood 3641","Abu_Dawood",verified,"alem,scholar,respect"
395,"মুফতি বা আলেমের পরামর্শ নেওয়া কি মুস্তাহাব?","Is seeking advice from scholars recommended?","mufti ba alem er poramorsho newa ki mustahab",Recommended,Social_Conduct,"Mustahabb / Wajib (for complex matters)","দ্বীনি মাসআলায় আলেমের পরামর্শ নেওয়া উত্তম।","Seeking advice from scholars is recommended.","Ask the people of knowledge if you do not know","Quran 16:43","Quran",verified,"poramorsho,advice,scholar"
396,"মাজহাব মানা কি ফরজ?","Is following a madhhab obligatory?","mazhab mana ki foroj",Disliked,Faith_and_Aqidah,"Khilaf (not obligatory but beneficial)","মাজহাব মানা ফরজ নয়, তবে সাধারণের জন্য তা সহজ ও নিরাপদ।","Following a madhhab is not obligatory but is beneficial and safer for laypeople.","SEE_REFERENCE_SOURCE","Scholarly views on taqlid","Fiqh_Hanafi",NEEDS_VERIFICATION,"mazhab,taqlid,fiqh"
397,"মাজহাবের বিরোধিতা করা কি জায়েজ?","Is opposing a madhhab permissible?","mazhab er birodhita kora ki jayez",Disliked,Faith_and_Aqidah,"Khilaf (should be respectful)","দলিল জানা থাকলে মাজহাবের বাইরে যাওয়া জায়েজ, তবে অশ্রদ্ধা করা অনুচিত।","Departing from a madhhab with knowledge is permissible, but disrespect is wrong.","SEE_REFERENCE_SOURCE","General principle of following knowledge","Fiqh_Hanafi",NEEDS_VERIFICATION,"mazhab,oppose,fiqh"
398,"তাকলিদ করা কি জায়েজ?","Is taqlid (following a scholar) permissible?","taklid kora ki jayez",Permissible,Faith_and_Aqidah,"Mubah (for laypeople)","সাধারণ মানুষের জন্য তাকলিদ করা জায়েজ ও নিরাপদ।","Taqlid is permissible and safer for laypeople.","Ask the people of knowledge if you do not know","Quran 16:43","Quran",verified,"taklid,following,scholar"
399,"ইসলামে মতভেদ করা কি জায়েজ?","Is scholarly disagreement permissible?","islam e motobhed kora ki jayez",Permissible,Faith_and_Aqidah,"Mubah (within principles)","দলিলভিত্তিক মতভেদ জায়েজ, তবে তা যেন দ্বন্দ্বে রূপ না নেয়।","Evidence-based scholarly disagreement is permissible without sectarian conflict.","SEE_REFERENCE_SOURCE","History of fiqh differences","Fiqh_Hanafi",NEEDS_VERIFICATION,"motobhed,disagreement,fiqh"
400,"মুসলিমদের ঐক্য রক্ষা করা কি ফরজ?","Is maintaining Muslim unity obligatory?","muslim der oikko rokkha kora ki foroj",Obligatory,Social_Conduct,"Wajib / Fard","মুসলিম ঐক্য রক্ষা ফরজ।","Maintaining Muslim unity is obligatory.","And hold firmly to the rope of Allah all together and do not become divided","Quran 3:103","Quran",verified,"oikko,unity,muslim"
401,"মুসলিমদের মধ্যে বিভেদ সৃষ্টি করা কি হারাম?","Is creating division among Muslims forbidden?","muslim der moddhe bibhed sristi kora ki haram",Forbidden,Social_Conduct,"Haram","মুসলিমদের মধ্যে বিভেদ সৃষ্টি হারাম।","Creating division among Muslims is forbidden.","And do not be like the ones who became divided and differed","Quran 3:105","Quran",verified,"bibhed,division,muslim"
402,"সালামের উত্তর না দেওয়া কি গুনাহ?","Is not replying to salam sinful?","salam er uttor na dewa ki gunah",Forbidden,Social_Conduct,"Haram / Makruh Tahrimi","সালামের উত্তর না দেওয়া গুনাহ।","Not replying to salam is sinful.","When you are greeted with a greeting, greet in return with one better than it or return it equally","Quran 4:86","Quran",verified,"salam,reply,sin"
403,"মুসলিম ভাইকে তিন দিনের বেশি সম্পর্ক ছিন্ন রাখা কি হারাম?","Is abandoning a Muslim brother for more than three days forbidden?","muslim bhai ke tin diner beshi somporko chinno rakha ki haram",Forbidden,Social_Conduct,"Haram","তিন দিনের বেশি সম্পর্ক ছিন্ন রাখা হারাম।","Abandoning a fellow Muslim for more than three days is forbidden.","It is not lawful for a Muslim to boycott his brother for more than three days","Sahih al-Bukhari 6077","Sahih_Bukhari",verified,"tin din,three days,boycott"
404,"ঝগড়া-বিবাদ পরিহার করা কি মুস্তাহাব?","Is avoiding arguments recommended?","jhogra bibad porihar kora ki mustahab",Recommended,Social_Conduct,"Mustahabb","অপ্রয়োজনীয় ঝগড়া পরিহার করা মুস্তাহাব।","Avoiding unnecessary arguments is recommended.","I guarantee a house in Paradise for one who gives up arguing, even if he is right","Sunan Abi Dawood 4800","Abu_Dawood",verified,"jhogra,argument,avoid"
405,"রাগ দমন করা কি মুস্তাহাব?","Is controlling anger recommended?","rag domon kora ki mustahab",Recommended,Social_Conduct,"Mustahabb / Sunnah","রাগ দমন করা মুস্তাহাব ও কুরআনে প্রশংসিত।","Controlling anger is recommended and praised in the Quran.","Those who suppress anger and pardon people - and Allah loves the doers of good","Quran 3:134","Quran",verified,"rag,anger,control"
406,"ক্ষমা করা কি মুস্তাহাব?","Is forgiving others recommended?","khoma kora ki mustahab",Recommended,Social_Conduct,"Mustahabb","ক্ষমা করা মুস্তাহাব ও উত্তম চরিত্র।","Forgiving others is recommended.","And let them pardon and overlook. Would you not like that Allah should forgive you?","Quran 24:22","Quran",verified,"khoma,forgive,pardon"
407,"প্রতিশোধ নেওয়া কি জায়েজ?","Is taking revenge permissible?","protishodh neya ki jayez",Permissible,Social_Conduct,"Mubah (but forgiveness is better)","ন্যায়সঙ্গত প্রতিশোধ জায়েজ, তবে ক্ষমা উত্তম।","Just retaliation is permissible, but forgiveness is better.","The recompense for an injury is an equal injury, but whoever forgives and makes reconciliation, his reward is with Allah","Quran 42:40","Quran",verified,"protishodh,revenge,retaliation"
408,"ইসলামে নির্যাতন করা কি হারাম?","Is oppression forbidden?","islam e nirjaton kora ki haram",Forbidden,Social_Conduct,"Haram","নির্যাতন ও জুলুম করা হারাম।","Oppression is forbidden.","And do not oppress and do not be oppressed","Quran 2:279","Quran",verified,"nirjaton,oppression,julum"
409,"অন্যের প্রতি জুলুম করা কি হারাম?","Is wronging others forbidden?","onner proti julum kora ki haram",Forbidden,Social_Conduct,"Haram (major sin)","অন্যের প্রতি জুলুম হারাম।","Wronging others is forbidden.","Beware of injustice, for injustice will be darkness on the Day of Resurrection","Sahih Muslim 2578","Sahih_Muslim",verified,"julum,injustice,wrong"
410,"কৃপণতা করা কি মাকরুহ?","Is miserliness disliked?","kriponta kora ki makruh",Disliked,Social_Conduct,"Makruh Tahrimi (near-Haram)","কৃপণতা করা মাকরুহ ও নিন্দনীয়।","Miserliness is disliked and blameworthy.","And let not those who are miserly with what Allah has given them of His bounty think that it is good for them","Quran 3:180","Quran",verified,"kriponta,miserliness,stingy"
411,"খরচে ভারসাম্য রাখা কি ফরজ?","Is moderation in spending obligatory?","khorche bharasamya rakha ki foroj",Obligatory,Business_and_Finance,"Wajib","অপচয় ও কৃপণতার মাঝে ভারসাম্য রাখা ওয়াজিব।","Maintaining balance in spending is obligatory.","And do not make your hand [as] chained to your neck nor extend it completely","Quran 17:29","Quran",verified,"bharasamya,moderation,spending"
412,"অপচয় করা কি হারাম?","Is extravagance forbidden?","opochoy kora ki haram",Forbidden,Business_and_Finance,"Haram / Makruh Tahrimi","অপচয় বা ইসরাফ হারাম।","Extravagance is forbidden.","Indeed, the wasteful are brothers of the devils","Quran 17:27","Quran",verified,"opochoy,israf,extravagance"
413,"দান করার সময় গর্ব করা কি হারাম?","Is boasting after charity forbidden?","dan korar somoy gorbo kora ki haram",Forbidden,Social_Conduct,"Haram","দান করে গর্ব বা খোঁটা দেওয়া হারাম।","Boasting after charity is forbidden.","O you who have believed, do not invalidate your charities with reminders or injury","Quran 2:264","Quran",verified,"gorbo,boast,charity"
414,"দান করে খোঁটা দেওয়া কি হারাম?","Is reminding after giving charity forbidden?","dan kore khota dewa ki haram",Forbidden,Social_Conduct,"Haram","দানের পর খোঁটা দেওয়া হারাম।","Reminding after charity is forbidden.","Do not invalidate your charities with reminders or injury","Quran 2:264","Quran",verified,"khota,reminder,charity"
415,"গোপনে দান করা কি উত্তম?","Is giving charity secretly better?","gopone dan kora ki uttom",Recommended,Social_Conduct,"Mustahabb","গোপন দান উত্তম, তবে প্রকাশ্যেও জায়েজ।","Secret charity is better, though open charity is permissible.","If you disclose your charitable expenditures, they are good; but if you conceal them and give them to the poor, it is better for you","Quran 2:271","Quran",verified,"gopon,secret,charity"
416,"প্রকাশ্যে দান করা কি জায়েজ?","Is giving charity openly permissible?","prokashye dan kora ki jayez",Permissible,Social_Conduct,"Mubah","প্রকাশ্যে দান করা জায়েজ, তবে গোপন উত্তম।","Open charity is permissible, but secret is better.","If you disclose your charitable expenditures, they are good","Quran 2:271","Quran",verified,"prokashyo,open,charity"
417,"ইসলামে গরিবের হক আদায় করা কি ফরজ?","Is fulfilling the rights of the poor obligatory?","islam e goriber hok aday kora ki foroj",Obligatory,Social_Conduct,"Wajib (through zakat and support)","গরিবের হক (যাকাত, সদকা) আদায় করা ফরজ।","Fulfilling the rights of the poor is obligatory.","And in their wealth is a recognized right for the poor and the deprived","Quran 70:24-25","Quran",verified,"gorib,hok,poor"
418,"মুসলিমের প্রয়োজন পূরণ করা কি মুস্তাহাব?","Is fulfilling a Muslim's need recommended?","muslim er proyojon puron kora ki mustahab",Recommended,Social_Conduct,"Mustahabb / Sunnah","মুসলিম ভাইয়ের প্রয়োজন পূরণ করা উত্তম।","Fulfilling a Muslim's need is recommended.","Whoever fulfills the need of his brother, Allah will fulfill his need","Sahih al-Bukhari 2442","Sahih_Bukhari",verified,"proyojon,need,brother"
419,"কারো পক্ষে সুপারিশ করা কি জায়েজ?","Is interceding for someone permissible?","karo pokkhe supariś kora ki jayez",Permissible,Social_Conduct,"Mubah (for good)","ভালো কাজে সুপারিশ করা জায়েজ ও উত্তম।","Interceding for good is permissible and recommended.","Whoever intercedes for a good cause will have a reward thereof","Quran 4:85","Quran",verified,"supariś,intercede,recommend"
420,"খারাপ কাজে সুপারিশ করা কি হারাম?","Is interceding for wrongdoing forbidden?","kharap kaje supariś kora ki haram",Forbidden,Social_Conduct,"Haram","খারাপ কাজে সুপারিশ করা হারাম।","Interceding for wrongdoing is forbidden.","Whoever intercedes for an evil cause will have a share thereof","Quran 4:85","Quran",verified,"kharap kaj,supariś,evil"
421,"আল্লাহর রহমত থেকে নিরাশ হওয়া কি হারাম?","Is despairing of Allah's mercy forbidden?","allah r rohmot theke nirash howa ki haram",Faith_Violation,Faith_and_Aqidah,"Haram / Kufr (if complete despair)","আল্লাহর রহমত থেকে নিরাশ হওয়া হারাম বা কুফর।","Despairing of Allah's mercy is forbidden.","Indeed, no one despairs of relief from Allah except the disbelieving people","Quran 12:87","Quran",verified,"nirash,despair,mercy"
422,"আল্লাহর রহমতের আশা রাখা কি ফরজ?","Is hoping in Allah's mercy obligatory?","allah r rohmoter asha rakha ki foroj",Obligatory,Faith_and_Aqidah,"Fard","আল্লাহর রহমতের আশা রাখা ঈমানের অংশ।","Hoping in Allah's mercy is part of faith.","And do not despair of the mercy of Allah","Quran 39:53","Quran",verified,"asha,hope,mercy"
423,"আল্লাহর শাস্তির ভয় করা কি ফরজ?","Is fearing Allah's punishment obligatory?","allah r shastir bhoy kora ki foroj",Obligatory,Faith_and_Aqidah,"Fard","আল্লাহর শাস্তির ভয় রাখা ঈমানের অংশ।","Fearing Allah's punishment is part of faith.","And fear the Fire, which has been prepared for the disbelievers","Quran 3:131","Quran",verified,"bhoy,shasti,fear"
424,"তাকওয়া অর্জন করা কি ফরজ?","Is attaining taqwa obligatory?","takwa orjon kora ki foroj",Obligatory,Faith_and_Aqidah,"Fard (definitive)","তাকওয়া অর্জন ফরজ।","Attaining taqwa is obligatory.","O you who have believed, fear Allah as He should be feared","Quran 3:102","Quran",verified,"takwa,taqwa,god consciousness"
425,"আল্লাহর সন্তুষ্টির জন্য ইখলাস থাকা কি ফরজ?","Is sincerity (ikhlas) obligatory?","allah r sontushtir jonno ikhlas thaka ki foroj",Obligatory,Faith_and_Aqidah,"Fard","ইখলাস বা একনিষ্ঠতা ফরজ।","Sincerity is obligatory.","And they were not commanded except to worship Allah, [being] sincere to Him in religion","Quran 98:5","Quran",verified,"ikhlas,sincerity,allah"
426,"ইসলামে কাজের নিয়ত সহিহ করা কি ফরজ?","Is having correct intention for deeds obligatory?","islam e kajer niyot sohih kora ki foroj",Obligatory,Worship,"Fard (for acceptance)","প্রতিটি ইবাদতের জন্য নিয়ত ফরজ।","Correct intention is obligatory for every act of worship.","Actions are but by intentions","Sahih al-Bukhari 1","Sahih_Bukhari",verified,"niyot,intention,deeds"
427,"নামাজের নিয়ত করা কি ফরজ?","Is intention for prayer obligatory?","namajer niyot kora ki foroj",Obligatory,Worship,"Fard (definitive)","নামাজের জন্য নিয়ত ফরজ।","Intention is obligatory for prayer.","Actions are but by intentions","Sahih al-Bukhari 1","Sahih_Bukhari",verified,"niyot,namaj,intention"
428,"রোজার নিয়ত করা কি ফরজ?","Is intention for fasting obligatory?","rojar niyot kora ki foroj",Obligatory,Worship,"Fard (definitive)","রোজার জন্য নিয়ত ফরজ।","Intention is obligatory for fasting.","Actions are but by intentions","Sahih al-Bukhari 1","Sahih_Bukhari",verified,"niyot,roja,intention"
429,"যাকাতের নিয়ত করা কি ফরজ?","Is intention for zakat obligatory?","zakat er niyot kora ki foroj",Obligatory,Worship,"Fard (definitive)","যাকাত আদায়ের সময় নিয়ত ফরজ।","Intention is obligatory when paying zakat.","Actions are but by intentions","Sahih al-Bukhari 1","Sahih_Bukhari",verified,"niyot,zakat,intention"
430,"হজ্জের নিয়ত করা কি ফরজ?","Is intention for Hajj obligatory?","hajjer niyot kora ki foroj",Obligatory,Worship,"Fard (definitive)","হজ্জের জন্য নিয়ত ফরজ।","Intention is obligatory for Hajj.","Actions are but by intentions","Sahih al-Bukhari 1","Sahih_Bukhari",verified,"niyot,hajj,intention"
431,"আল্লাহর কাছে বিনীত হওয়া কি মুস্তাহাব?","Is being humble before Allah recommended?","allah r kache binit howa ki mustahab",Recommended,Faith_and_Aqidah,"Mustahabb","আল্লাহর কাছে বিনয়ী হওয়া মুস্তাহাব।","Being humble before Allah is recommended.","Call upon your Lord in humility and privately","Quran 7:55","Quran",verified,"binit,humility,allah"
432,"উচ্চস্বরে দোয়া করা কি মাকরুহ?","Is making dua loudly disliked?","ucchosrore doa kora ki makruh",Disliked,Worship,"Makruh Tanzihi","দোয়া নিম্নস্বরে করা উত্তম; উচ্চস্বরে দোয়া মাকরুহ।","Making dua quietly is better; loud dua is disliked.","Call upon your Lord in humility and privately; indeed, He does not like transgressors","Quran 7:55","Quran",verified,"ucchosrore,loud,dua"
433,"দোয়ার সময় হাত তোলা কি সুন্নত?","Is raising hands during dua sunnah?","doar somoy hat tola ki sunnat",Recommended,Worship,"Sunnah","দোয়ার সময় হাত তোলা সুন্নত।","Raising hands during dua is sunnah.","The Prophet raised his hands in supplication","Sahih al-Bukhari 1030","Sahih_Bukhari",NEEDS_VERIFICATION,"hat tola,raise hands,dua"
434,"জুমার দিন দোয়া কবুলের সময় আছে কি?","Is there a special time for accepted dua on Friday?","jumar din doa kobuler somoy ache ki",Recommended,Worship,"Mustahabb","জুমার দিন একটি বিশেষ মুহূর্তে দোয়া কবুল হয়।","There is a special moment on Friday when dua is accepted.","On Friday there is an hour when no Muslim servant asks Allah for something but He gives it to him","Sahih al-Bukhari 935","Sahih_Bukhari",verified,"juma,dua,accepted"
435,"সাহরি খাওয়া কি সুন্নত?","Is eating suhoor sunnah?","sahri khawa ki sunnat",Recommended,Worship,"Sunnah Mu'akkadah","সাহরি খাওয়া সুন্নত এবং এতে বরকত আছে।","Eating suhoor is sunnah and contains blessing.","Take suhoor, for in suhoor there is blessing","Sahih al-Bukhari 1923","Sahih_Bukhari",verified,"sahri,suhoor,ramadan"
436,"ইফতার করা কি সুন্নত?","Is breaking the fast promptly sunnah?","iftar kora ki sunnat",Recommended,Worship,"Sunnah","সময় হলে দ্রুত ইফতার করা সুন্নত।","Breaking the fast promptly is sunnah.","The people will remain upon goodness as long as they hasten to break the fast","Sahih al-Bukhari 1957","Sahih_Bukhari",verified,"iftar,break fast,sunnat"
437,"ইফতারের দোয়া কী?","What is the dua for breaking the fast?","iftarer doa ki",Recommended,Worship,"Mustahabb (recommended dhikr)","ইফতারের সময় দোয়া করা মুস্তাহাব।","Making dua at iftar is recommended.","The thirst is gone, the veins are moistened, and the reward is established, if Allah wills","Sunan Abi Dawood 2357","Abu_Dawood",verified,"iftar dua,breaking fast,dua"
438,"রোজা অবস্থায় মিসওয়াক করা কি জায়েজ?","Is using miswak while fasting permissible?","roja obosthay miswak kora ki jayez",Permissible,Worship,"Mubah / Mustahabb","রোজা অবস্থায় মিসওয়াক করা জায়েজ।","Using miswak while fasting is permissible.","Were it not for the difficulty on my ummah, I would have commanded them to use miswak before every prayer","Sahih al-Bukhari 887","Sahih_Bukhari",verified,"miswak,fasting,jayez"
439,"রোজা অবস্থায় রক্ত দেওয়া কি জায়েজ?","Is donating blood while fasting permissible?","roja obosthay rokto dewa ki jayez",Permissible,Worship,"Mubah (if no weakness)","দুর্বল না হলে রোজা অবস্থায় রক্ত দেওয়া জায়েজ।","Donating blood while fasting is permissible if no weakness results.","SEE_REFERENCE_SOURCE","Fiqh Hanafi on blood donation while fasting","Fiqh_Hanafi",NEEDS_VERIFICATION,"rokto,blood,fasting"
440,"রোজা অবস্থায় ইনহেলার ব্যবহার করা কি জায়েজ?","Is using an inhaler while fasting permissible?","roja obosthay inhaler babohar kora ki jayez",Disliked,Worship,"Khilaf (many scholars say it breaks)","ইনহেলার নিয়ে মতভেদ আছে; অনেক আলেম একে রোজা ভঙ্গের কারণ বলেন।","Scholars differ on inhalers; many consider them to break the fast.","SEE_REFERENCE_SOURCE","Fiqh Hanafi on inhalers","Fiqh_Hanafi",NEEDS_VERIFICATION,"inhaler,fasting,break"
441,"সফরে রোজা ভাঙা কি জায়েজ?","Is breaking fast during travel permissible?","sofore roja bhanga ki jayez",Permissible,Worship,"Mubah (with qada)","সফরে রোজা ভাঙা জায়েজ, পরে কাজা করতে হবে।","Breaking fast during travel is permissible with make-up later.","And whoever is ill or on a journey - then an equal number of other days","Quran 2:185","Quran",verified,"safar,travel,fasting"
442,"অসুস্থ অবস্থায় রোজা ভাঙা কি জায়েজ?","Is breaking fast when sick permissible?","osustho obosthay roja bhanga ki jayez",Permissible,Worship,"Mubah (with qada)","অসুস্থ ব্যক্তি রোজা ভাঙতে পারে এবং পরে কাজা করবে।","The sick may break their fast and make it up later.","And whoever is ill or on a journey - then an equal number of other days","Quran 2:185","Quran",verified,"osustho,sick,fasting"
443,"ঋতুবতী নারীর জন্য রোজা রাখা কি জায়েজ?","Is fasting for a menstruating woman permissible?","rituboti narir jonno roja rakha ki jayez",Forbidden,Worship,"Haram (must make up later)","ঋতুবতী নারী রোজা রাখবে না, পরে কাজা করবে।","A menstruating woman should not fast and must make it up later.","Is it not the case that when she menstruates she does not pray or fast?","Sahih al-Bukhari 304","Sahih_Bukhari",verified,"rituboti,menstruation,fasting"
444,"ঋতুবতী নারীর জন্য নামাজ পড়া কি জায়েজ?","Is praying for a menstruating woman permissible?","rituboti narir jonno namaj pora ki jayez",Forbidden,Worship,"Haram (no qada for prayers)","ঋতুবতী নারী নামাজ পড়বে না এবং পরে কাজা নয়।","A menstruating woman should not pray, and no make-up is required for prayers.","Is it not the case that when she menstruates she does not pray or fast?","Sahih al-Bukhari 304","Sahih_Bukhari",verified,"rituboti,menstruation,namaj"
445,"ঋতুবতী নারীর জন্য কুরআন স্পর্শ করা কি জায়েজ?","Is touching the Quran for a menstruating woman permissible?","rituboti narir jonno quran sporsho kora ki jayez",Disliked,Purity,"Makruh Tahrimi (majority view)","অধিকাংশ আলেমের মতে ঋতুবতী নারীর জন্য কুরআন স্পর্শ করা নিষিদ্ধ।","Most scholars forbid a menstruating woman from touching the Quran.","None touch it except the purified","Quran 56:79","Quran",verified,"rituboti,quran,touch"
446,"ঋতুবতী নারীর জন্য জিকির করা কি জায়েজ?","Is dhikr permissible for a menstruating woman?","rituboti narir jonno jikir kora ki jayez",Permissible,Worship,"Mubah","ঋতুবতী নারীর জন্য জিকির ও দোয়া জায়েজ।","Dhikr and dua are permissible for a menstruating woman.","SEE_REFERENCE_SOURCE","Consensus on dhikr for menstruating women","Fiqh_Hanafi",NEEDS_VERIFICATION,"jikir,dhikr,menstruation"
447,"গর্ভবতী নারীর জন্য রোজা রাখা কি ফরজ?","Is fasting obligatory for a pregnant woman?","gorbhoti narir jonno roja rakha ki foroj",Obligatory,Worship,"Fard (may defer if fear of harm)","গর্ভবতী নারী রোজা রাখবে, তবে ক্ষতির আশঙ্কায় ভাঙতে পারে।","A pregnant woman should fast unless she fears harm.","SEE_REFERENCE_SOURCE","Fiqh on pregnant woman fasting","Fiqh_Hanafi",NEEDS_VERIFICATION,"gorbhoti,pregnant,fasting"
448,"স্তন্যদানকারী মায়ের জন্য রোজা রাখা কি ফরজ?","Is fasting obligatory for a nursing mother?","stonno dan karir mayer jonno roja rakha ki foroj",Obligatory,Worship,"Fard (may defer if fear of harm)","স্তন্যদানকারী মা রোজা রাখবে, তবে ক্ষতির আশঙ্কায় ভাঙতে পারে।","A nursing mother should fast unless she fears harm.","SEE_REFERENCE_SOURCE","Fiqh on nursing mother fasting","Fiqh_Hanafi",NEEDS_VERIFICATION,"stonno,nursing,fasting"
449,"রোজা অবস্থায় গীবত করলে কি সওয়াব নষ্ট হয়?","Does backbiting destroy the reward of fasting?","roja obosthay gibat korle ki soab nosto hoy",Disliked,Worship,"Makruh Tahrimi (reward diminished)","গীবতে রোজার সওয়াব কমে যায়, তবে রোজা ভঙ্গ হয় না।","Backbiting diminishes the reward of fasting without breaking it.","Whoever does not give up false speech and acting upon it, Allah has no need of his giving up his food and drink","Sahih al-Bukhari 1903","Sahih_Bukhari",verified,"gibat,fasting,reward"
450,"রোজা অবস্থায় মিথ্যা বললে কি রোজা ভাঙে?","Does lying break the fast?","roja obosthay mittha bolle ki roja bhange",Disliked,Worship,"Makruh Tahrimi (does not break)","মিথ্যা বললে রোজা ভাঙে না, তবে সওয়াব কমে।","Lying does not break the fast but reduces reward.","Whoever does not give up false speech... Allah has no need of his giving up his food and drink","Sahih al-Bukhari 1903","Sahih_Bukhari",verified,"mittha,fasting,break"
451,"রোজার কাজা করা কি ফরজ?","Is making up missed fasts obligatory?","rozar kaja kora ki foroj",Obligatory,Worship,"Fard (definitive)","ছুটে যাওয়া রোজার কাজা ফরজ।","Making up missed fasts is obligatory.","And whoever is ill or on a journey - then an equal number of other days","Quran 2:185","Quran",verified,"kaja,qada,fasting"
452,"রোজার কাফফারা কী?","What is the expiation for broken fast?","rozar kaffara ki",Obligatory,Worship,"Wajib (for deliberate breaking)","ইচ্ছাকৃত রোজা ভাঙলে কাফফারা ওয়াজিব।","Expiation is required for deliberately breaking a fast.","SEE_REFERENCE_SOURCE","Sahih al-Bukhari 1936 (hadith on kaffarah)","Sahih_Bukhari",NEEDS_VERIFICATION,"kaffara,expiation,fasting"
453,"রোজা অবস্থায় বমি করলে কি রোজা ভাঙে?","Does vomiting break the fast?","roja obosthay bomi korle ki roja bhange",Permissible,Worship,"Mubah (if involuntary)","ইচ্ছাকৃত বমি করলে রোজা ভাঙে; অনিচ্ছাকৃত হলে ভাঙে না।","Involuntary vomiting does not break the fast; deliberate does.","Whoever is overcome by vomiting, he does not have to make up the fast","Sunan al-Tirmidhi 720","Tirmidhi",verified,"bomi,vomit,fasting"
454,"রোজা অবস্থায় কান বা চোখে ড্রপ দিলে কি রোজা ভাঙে?","Do ear or eye drops break the fast?","roja obosthay kan ba chokhe drop dile ki roja bhange",Permissible,Worship,"Mubah (no food or drink)","কান বা চোখের ড্রপ রোজা ভাঙে না।","Ear or eye drops do not break the fast.","SEE_REFERENCE_SOURCE","Fiqh Hanafi on drops","Fiqh_Hanafi",NEEDS_VERIFICATION,"drop,ear,eye,fasting"
455,"তাবলীগে সময় দেওয়া কি উত্তম?","Is spending time in Tabligh recommended?","tablige somoy dewa ki uttom",Recommended,Social_Conduct,"Mustahabb / Sunnah","দাওয়াতের কাজে সময় দেওয়া ইসলামের গুরুত্বপূর্ণ দায়িত্ব।","Spending time in dawah is an important Islamic duty.","Invite to the way of your Lord with wisdom","Quran 16:125","Quran",verified,"tablig,time,dawah"
456,"তাবলীগের নিয়ত কী হওয়া উচিত?","What should be the intention for Tabligh?","tabliger niyot ki howa uchit",Obligatory,Faith_and_Aqidah,"Ikhlas (obligatory)","তাবলীগের নিয়ত হতে হবে একমাত্র আল্লাহর সন্তুষ্টি।","The intention for Tabligh must be solely for Allah's pleasure.","And they were not commanded except to worship Allah, [being] sincere to Him","Quran 98:5","Quran",verified,"niyot,tablig,ikhlas"
457,"দাওয়াত দেওয়া কি সব মুসলিমের দায়িত্ব?","Is giving dawah a duty of every Muslim?","dawat dewa ki sob muslim er dayitto",Obligatory,Social_Conduct,"Wajib (according to ability)","সামর্থ্য অনুযায়ী দাওয়াত দেওয়া প্রত্যেক মুসলিমের দায়িত্ব।","Giving dawah according to one's ability is a duty of every Muslim.","Convey from me, even if it is one verse","Sahih al-Bukhari 3461","Sahih_Bukhari",verified,"dawat,duty,convey"
458,"জুমার দিনে সূরা কাহাফ পড়া কি সুন্নত?","Is reciting Surah Kahf on Friday sunnah?","jumar dine sura kahaf pora ki sunnat",Recommended,Worship,"Sunnah","জুমার দিন সূরা কাহাফ পড়া সুন্নত।","Reciting Surah Kahf on Friday is sunnah.","Whoever recites Surah al-Kahf on Friday, light will shine for him between the two Fridays","Sunan al-Darimi 3402","Nasai",NEEDS_VERIFICATION,"kahaf,juma,sunnat"
459,"রাসূল (সা.)-এর প্রতি দরুদ পাঠ করা কি ফরজ?","Is sending salawat upon the Prophet obligatory?","rasul s er proti dorud path kora ki foroj",Obligatory,Faith_and_Aqidah,"Wajib (at least once in lifetime)","জীবনে অন্তত একবার দরুদ পাঠ ওয়াজিব।","Sending salawat at least once in a lifetime is obligatory.","Indeed, Allah and His angels send blessings upon the Prophet","Quran 33:56","Quran",verified,"dorud,salawat,wajib"
460,"দুরুদ শরিফ বেশি বেশি পড়া কি মুস্তাহাব?","Is reciting salawat abundantly recommended?","dorud sharif beshi beshi pora ki mustahab",Recommended,Worship,"Mustahabb","বেশি বেশি দরুদ পড়া মুস্তাহাব।","Reciting salawat abundantly is recommended.","The closest of people to me on the Day of Resurrection will be those who sent the most salawat upon me","Sunan al-Tirmidhi 484","Tirmidhi",verified,"dorud,abundant,salawat"
461,"রাসূল (সা.)-এর নাম শুনে দরুদ না পড়া কি গুনাহ?","Is not sending salawat upon hearing the Prophet's name sinful?","rasul s er nam shune dorud na pora ki gunah",Disliked,Social_Conduct,"Makruh Tahrimi","রাসূলের নাম শুনে দরুদ না পড়া মাকরুহ ও কৃপণতা।","Not sending salawat upon hearing the Prophet's name is disliked and miserly.","May the man before whom I am mentioned and he does not send salawat upon me be humiliated","Sunan al-Tirmidhi 3545","Tirmidhi",verified,"dorud,name,rasul"
462,"জুমার দিন বেশি দরুদ পড়া কি মুস্তাহাব?","Is sending extra salawat on Friday recommended?","jumar din beshi dorud pora ki mustahab",Recommended,Worship,"Mustahabb","জুমার দিন বেশি দরুদ পড়া মুস্তাহাব।","Sending extra salawat on Friday is recommended.","Send salawat upon me abundantly on Friday","Sunan Abi Dawood 1047","Abu_Dawood",verified,"dorud,juma,friday"
463,"রাসূল (সা.)-এর সুন্নত অনুসরণ করা কি ফরজ?","Is following the Prophet's sunnah obligatory?","rasul s er sunnat onusoron kora ki foroj",Obligatory,Faith_and_Aqidah,"Wajib / Fard","রাসূলের সুন্নত অনুসরণ ফরজ।","Following the Prophet's sunnah is obligatory.","There has certainly been for you in the Messenger of Allah an excellent pattern","Quran 33:21","Quran",verified,"sunnat,follow,rasul"
464,"বিদআত থেকে বাঁচা কি ফরজ?","Is avoiding bid'ah obligatory?","bidat theke bacha ki foroj",Obligatory,Faith_and_Aqidah,"Fard","বিদআত থেকে বেঁচে থাকা ফরজ।","Avoiding bid'ah is obligatory.","Whoever innovates something in this matter of ours that is not part of it will have it rejected","Sahih al-Bukhari 2697","Sahih_Bukhari",verified,"bidat,avoid,innovation"
465,"ইসলামে তাবিজ ব্যবহার করা কি জায়েজ?","Is using amulets permissible?","islam e tabij babohar kora ki jayez",Religious_Innovation,Faith_and_Aqidah,"Bid'ah / Haram (if relying on it)","তাবিজ ব্যবহার জায়েজ নয়, বিশেষত যদি তাতে ভরসা করা হয়।","Using amulets is not permissible, especially if relied upon.","Whoever wears an amulet has committed shirk","Musnad Ahmad 17422","Fiqh_Hanbali",NEEDS_VERIFICATION,"tabij,amulet,shirk"
466,"জাদু করা কি হারাম?","Is practicing magic forbidden?","jadu kora ki haram",Forbidden,Faith_and_Aqidah,"Haram (major sin)","জাদু করা হারাম এবং কুফরির শামিল।","Practicing magic is forbidden and akin to disbelief.","And they learn from them that by which they cause separation between a man and his wife","Quran 2:102","Quran",verified,"jadu,magic,sihr"
467,"জাদুর চিকিৎসা করা কি জায়েজ?","Is seeking treatment for magic permissible?","jadur chikitsa kora ki jayez",Permissible,Social_Conduct,"Mubah (through ruqyah)","জাদুর চিকিৎসা শরিয়তসম্মত রুকইয়াহ দিয়ে করা জায়েজ।","Treating magic through Shariah-compliant ruqyah is permissible.","SEE_REFERENCE_SOURCE","Hadith on ruqyah","Sahih_Bukhari",NEEDS_VERIFICATION,"chikitsa,ruqyah,jadu"
468,"কবরের পাশে নামাজ পড়া কি মাকরুহ?","Is praying beside graves disliked?","koborer pashe namaj pora ki makruh",Disliked,Worship,"Makruh Tanzihi (some say haram)","কবরের পাশে নামাজ পড়া মাকরুহ।","Praying beside graves is disliked.","Do not pray facing graves","Sahih Muslim 972","Sahih_Muslim",verified,"kobor,namaj,grave"
469,"কবরের পাশে দাঁড়িয়ে দোয়া করা কি জায়েজ?","Is making dua beside graves permissible?","koborer pashe dariye doa kora ki jayez",Permissible,Funeral_and_Mourning,"Mubah","কবরের পাশে দাঁড়িয়ে মৃতের জন্য দোয়া করা জায়েজ।","Making dua for the deceased beside the grave is permissible.","The Prophet visited the graves and made dua","Sahih Muslim 975","Sahih_Muslim",verified,"kobor,doya,dua"
470,"মৃতের জন্য ইসালে সওয়াব করা কি জায়েজ?","Is sending reward to the deceased permissible?","mriter jonno isale soab kora ki jayez",Permissible,Funeral_and_Mourning,"Mubah / Mustahabb","মৃতের জন্য ইসালে সওয়াব জায়েজ এবং অনেক আলেমের মতে মুস্তাহাব।","Sending reward to the deceased is permissible and recommended by many.","SEE_REFERENCE_SOURCE","Sunan Abi Dawood on charity for the dead","Abu_Dawood",NEEDS_VERIFICATION,"isale soab,reward,deceased"
471,"মৃতের জন্য কুরআন খতম দেওয়া কি জায়েজ?","Is completing Quran for the deceased permissible?","mriter jonno quran khom dewa ki jayez",Disliked,Funeral_and_Mourning,"Khilaf (bid'ah by some)","মৃতের জন্য খতমের নির্দিষ্ট পদ্ধতি নিয়ে মতভেদ আছে।","The specific practice of khatam for the dead is disputed.","SEE_REFERENCE_SOURCE","Scholarly views on khatam for dead","Fiqh_Hanafi",NEEDS_VERIFICATION,"khotom,quran,deceased"
472,"মিলাদ মাহফিল করা কি জায়েজ?","Is holding milad gatherings permissible?","milad mahfil kora ki jayez",Religious_Innovation,Faith_and_Aqidah,"Bid'ah (majority view)","মিলাদ মাহফিল পরবর্তী উদ্ভাবন এবং অধিকাংশ আলেম একে বিদআত বলেন।","Milad gatherings are later innovations; most scholars consider them bid'ah.","SEE_REFERENCE_SOURCE","Scholarly consensus on milad","Fiqh_Hanafi",NEEDS_VERIFICATION,"milad,mahfil,bidat"
473,"ইসলামে গান-বাজনা করা কি জায়েজ?","Is music permissible in Islam?","islam e gan bajna kora ki jayez",Disliked,Social_Conduct,"Makruh Tahrimi (majority: haram)","গান-বাজনা নিয়ে মতভেদ আছে; অধিকাংশ একে হারাম বলেন।","Music is disputed; the majority consider it haram.","SEE_REFERENCE_SOURCE","Sahih al-Bukhari on musical instruments","Sahih_Bukhari",NEEDS_VERIFICATION,"gan,music,bajna"
474,"ছবি তোলা কি জায়েজ?","Is photography permissible?","chobi tola ki jayez",Permissible,Social_Conduct,"Mubah (for necessity)","প্রয়োজনে ছবি তোলা জায়েজ।","Photography is permissible for necessity.","SEE_REFERENCE_SOURCE","Fiqh on photography","Fiqh_Hanafi",NEEDS_VERIFICATION,"chobi,photography,photo"
475,"প্রাণীর ছবি আঁকা কি জায়েজ?","Is drawing animate beings permissible?","pranir chobi aka ki jayez",Disliked,Social_Conduct,"Makruh Tahrimi / Haram (for living beings)","প্রাণীর ছবি আঁকা নিষিদ্ধ বা মাকরুহ।","Drawing animate beings is forbidden or disliked.","The makers of these images will be punished on the Day of Resurrection","Sahih al-Bukhari 5950","Sahih_Bukhari",verified,"chobi,draw,animate"
476,"মূর্তি তৈরি করা কি হারাম?","Is making statues forbidden?","murti toiri kora ki haram",Forbidden,Social_Conduct,"Haram","মূর্তি তৈরি করা হারাম।","Making statues is forbidden.","The makers of these images will be punished...","Sahih al-Bukhari 5950","Sahih_Bukhari",verified,"murti,statue,idol"
477,"ঘরে মূর্তি রাখা কি হারাম?","Is keeping statues at home forbidden?","ghore murti rakha ki haram",Forbidden,Social_Conduct,"Haram","ঘরে মূর্তি রাখা হারাম।","Keeping statues at home is forbidden.","Angels do not enter a house in which there is a dog or an image","Sahih al-Bukhari 3225","Sahih_Bukhari",verified,"murti,statue,home"
478,"কুকুর পালা কি জায়েজ?","Is keeping a dog permissible?","kukur pala ki jayez",Disliked,Social_Conduct,"Makruh Tahrimi / Haram (except for need)","প্রয়োজন ছাড়া কুকুর পালা নিষিদ্ধ।","Keeping a dog without necessity is forbidden.","Whoever keeps a dog, except a dog for herding, hunting, or farming, his reward decreases each day by one qirat","Sahih al-Bukhari 5480","Sahih_Bukhari",verified,"kukur,dog,pala"
479,"বিড়াল পালা কি জায়েজ?","Is keeping a cat permissible?","biral pala ki jayez",Permissible,Social_Conduct,"Mubah","বিড়াল পালা জায়েজ এবং বিড়াল পাক প্রাণী।","Keeping a cat is permissible and cats are pure.","It is not impure; it is one of those who roam around among you","Sunan Abi Dawood 75","Abu_Dawood",verified,"biral,cat,pala"
480,"বিড়ালের উচ্ছিষ্ট খাওয়া কি জায়েজ?","Is eating cat's leftovers permissible?","biraler ucchisto khawa ki jayez",Permissible,Food_and_Drink,"Mubah","বিড়ালের উচ্ছিষ্ট খাওয়া জায়েজ।","Eating cat's leftovers is permissible.","It is not impure; it is one of those who roam around among you","Sunan Abi Dawood 75","Abu_Dawood",verified,"biral,ucchisto,leftover"
481,"কুকুরের মুখের লালা কি নাপাক?","Is dog saliva impure?","kukurer mukher lala ki napak",Obligatory,Purity,"Fard (to wash)","কুকুরের লালা নাপাক এবং পাত্র সাতবার ধুতে হবে।","Dog saliva is impure and vessels must be washed seven times.","If a dog drinks from the vessel of any one of you, let him wash it seven times","Sahih al-Bukhari 172","Sahih_Bukhari",verified,"kukur,lala,napak"
482,"শরিয়তে মদ বিক্রি করা কি হারাম?","Is selling alcohol forbidden in Shariah?","shoriote mod bikri kora ki haram",Forbidden,Business_and_Finance,"Haram","মদ বিক্রি হারাম।","Selling alcohol is forbidden.","Allah has cursed wine, its drinker, its server, its seller, its buyer...","Sunan Abi Dawood 3674","Abu_Dawood",verified,"mod,sell,alcohol"
483,"মদ পরিবহন করা কি হারাম?","Is transporting alcohol forbidden?","mod poribohon kora ki haram",Forbidden,Business_and_Finance,"Haram","মদ পরিবহন করা হারাম।","Transporting alcohol is forbidden.","Allah has cursed wine... its carrier","Sunan Abi Dawood 3674","Abu_Dawood",verified,"mod,transport,alcohol"
484,"জুয়া খেলা দেখা কি জায়েজ?","Is watching gambling permissible?","jua khela dekha ki jayez",Disliked,Social_Conduct,"Makruh Tahrimi","জুয়ার আসরে উপস্থিত থাকা মাকরুহ।","Attending gambling gatherings is disliked.","He who believes in Allah and the Last Day should not sit at a table where alcohol is served","Sunan al-Tirmidhi 2801","Tirmidhi",verified,"jua,watch,gambling"
485,"ধূমপান করা কি হারাম?","Is smoking forbidden?","dhum pan kora ki haram",Disliked,Food_and_Drink,"Makruh Tahrimi (many say haram)","ধূমপান স্বাস্থ্যের ক্ষতি হওয়ায় মাকরুহ তাহরিমি বা হারাম।","Smoking is disliked or forbidden due to health harm.","And do not kill yourselves","Quran 4:29","Quran",verified,"dhum,smoking,haram"
486,"অন্যের ক্ষেত থেকে ফল খাওয়া কি জায়েজ?","Is eating fruit from another's field permissible?","onner khet theke fol khawa ki jayez",Forbidden,Food_and_Drink,"Haram (without permission)","অনুমতি ছাড়া অন্যের ফসল খাওয়া হারাম।","Eating from another's field without permission is forbidden.","And do not consume one another's wealth unjustly","Quran 2:188","Quran",verified,"khet,fol,permission"
487,"হালাল রেস্টুরেন্টে খাওয়া কি জায়েজ?","Is eating at a halal restaurant permissible?","halal resturant e khawa ki jayez",Permissible,Food_and_Drink,"Mubah (if halal certified)","হালাল খাবার নিশ্চিত হলে রেস্টুরেন্টে খাওয়া জায়েজ।","Eating at a restaurant is permissible if food is halal.","O mankind, eat from whatever is on earth [that is] lawful and good","Quran 2:168","Quran",verified,"resturant,halal,food"
488,"ফাস্টফুড খাওয়া কি জায়েজ?","Is eating fast food permissible?","fast food khawa ki jayez",Permissible,Food_and_Drink,"Mubah (if halal)","হালাল উপাদানে তৈরি ফাস্টফুড জায়েজ।","Fast food is permissible if made from halal ingredients.","O mankind, eat from whatever is on earth [that is] lawful and good","Quran 2:168","Quran",verified,"fast food,halal,food"
489,"কোমল পানীয় (কোক/পেপসি) খাওয়া কি জায়েজ?","Is drinking soft drinks permissible?","komol panio coke pepsi khawa ki jayez",Permissible,Food_and_Drink,"Mubah (if no haram ingredients)","নেশা বা হারাম উপাদান না থাকলে কোমল পানীয় জায়েজ।","Soft drinks are permissible if free of haram ingredients.","SEE_REFERENCE_SOURCE","General principle of permissibility","Fiqh_Hanafi",NEEDS_VERIFICATION,"coke,pepsi,soft drink"
490,"পানিতে মিশে যাওয়া অল্প মদ কি হারাম?","Is water mixed with a little alcohol forbidden?","pani te mishe jawa olpo mod ki haram",Forbidden,Food_and_Drink,"Haram","অল্প পরিমাণেও মদ হারাম।","Even a small amount of alcohol is forbidden.","Whatever intoxicates in large quantities, a small quantity of it is also forbidden","Sunan Abi Dawood 3681","Abu_Dawood",verified,"alcohol,small amount,haram"
491,"বিয়ের দাওয়াত খাওয়া কি সুন্নত?","Is attending wedding invitations sunnah?","biyer dawat khawa ki sunnat",Recommended,Family_and_Marriage,"Sunnah / Wajib (if invited)","বিয়ের দাওয়াত গ্রহণ করা সুন্নত বা ওয়াজিব।","Accepting wedding invitations is sunnah or obligatory.","When one of you is invited to a wedding feast, let him attend","Sahih al-Bukhari 5173","Sahih_Bukhari",verified,"dawat,wedding,invitation"
492,"বিয়েতে গান-বাজনা করা কি জায়েজ?","Is music at weddings permissible?","biye te gan bajna kora ki jayez",Disliked,Family_and_Marriage,"Makruh Tahrimi (majority: haram)","বিয়েতে গান-বাজনা নিষিদ্ধ।","Music at weddings is forbidden according to majority.","SEE_REFERENCE_SOURCE","Hadith on musical instruments","Sahih_Bukhari",NEEDS_VERIFICATION,"biye,gan,music"
493,"বিয়েতে দাফ (একতারা) বাজানো কি জায়েজ?","Is playing the daff at weddings permissible?","biye te daf baja no ki jayez",Permissible,Family_and_Marriage,"Mubah (limited to daff)","বিয়েতে দাফ বাজানো জায়েজ।","Playing the daff at weddings is permissible.","Announce the marriage with the daff","Sunan al-Tirmidhi 1088","Tirmidhi",verified,"daf,wedding,music"
494,"স্ত্রীর সাথে মেলা-মেশা করা কি জায়েজ?","Is being affectionate with one's wife permissible?","strir sathe mela mesha kora ki jayez",Permissible,Family_and_Marriage,"Mubah / Mustahabb","স্ত্রীর সাথে স্নেহ ও ভালোবাসা জায়েজ ও সুন্নত।","Being affectionate with one's wife is permissible and sunnah.","And of His signs is that He created for you from yourselves mates that you may find tranquility in them","Quran 30:21","Quran",verified,"stri,affection,wife"
495,"স্ত্রীর সাথে রসিকতা করা কি জায়েজ?","Is joking with one's wife permissible?","strir sathe rosikota kora ki jayez",Permissible,Family_and_Marriage,"Mubah","স্ত্রীর সাথে রসিকতা করা জায়েজ ও সুন্নত।","Joking with one's wife is permissible and sunnah.","The Prophet used to joke with his wives","Sahih al-Bukhari 5160","Sahih_Bukhari",NEEDS_VERIFICATION,"rosikota,joke,wife"
496,"মিথ্যা রসিকতা করা কি হারাম?","Is lying in jokes forbidden?","mittha rosikota kora ki haram",Forbidden,Social_Conduct,"Haram","মিথ্যা রসিকতা হারাম।","Lying in jokes is forbidden.","Woe to the one who lies to make people laugh, woe to him, woe to him","Sunan al-Tirmidhi 2315","Tirmidhi",verified,"mittha,joke,lie"
497,"অন্যের উপহাস করে রসিকতা করা কি হারাম?","Is mocking others in jokes forbidden?","onner upohas kore rosikota kora ki haram",Forbidden,Social_Conduct,"Haram","উপহাস করে রসিকতা হারাম।","Mocking others in jokes is forbidden.","Let not a people ridicule another people","Quran 49:11","Quran",verified,"upohas,mock,joke"
498,"মুসলিম ভাইয়ের সাথে ভালো ব্যবহার করা কি ফরজ?","Is treating fellow Muslims well obligatory?","muslim bhai er sathe valo bebohar kora ki foroj",Obligatory,Social_Conduct,"Wajib","মুসলিম ভাইয়ের সাথে ভালো ব্যবহার ওয়াজিব।","Treating fellow Muslims well is obligatory.","The believers are but brothers","Quran 49:10","Quran",verified,"valo bebohar,good,muslim"
499,"অপরিচিত মুসলিমকে সালাম দেওয়া কি জায়েজ?","Is greeting unknown Muslims permissible?","oporichit muslim ke salam dewa ki jayez",Permissible,Social_Conduct,"Mubah / Mustahabb","অপরিচিত মুসলিমকে সালাম দেওয়া জায়েজ ও উত্তম।","Greeting unknown Muslims is permissible and recommended.","Spread salam among you","Sahih Muslim 54","Sahih_Muslim",verified,"oporichit,unknown,salam"
500,"নারীদের সালাম দেওয়া কি জায়েজ?","Is greeting women with salam permissible?","narider salam dewa ki jayez",Permissible,Social_Conduct,"Mubah (if no fitnah)","ফিতনার আশঙ্কা না থাকলে নারীদের সালাম দেওয়া জায়েজ।","Greeting women is permissible if no fitnah is feared.","SEE_REFERENCE_SOURCE","Hadith on greeting women","Sahih_Bukhari",NEEDS_VERIFICATION,"nari,salam,greet"
501,"হাত মেলানো (মুসাফাহা) করা কি সুন্নত?","Is shaking hands (musafahah) sunnah?","hat melano musafaha kora ki sunnat",Recommended,Social_Conduct,"Sunnah","মুসলিম ভাইয়ের সাথে হাত মেলানো সুন্নত ও গুনাহ মাফের কারণ।","Shaking hands with fellow Muslims is sunnah.","Two Muslims do not meet and shake hands except that they are forgiven before they part","Sunan Abi Dawood 5212","Abu_Dawood",verified,"hat melano,musafaha,handshake"
502,"নারীদের সাথে করমর্দন করা কি জায়েজ?","Is shaking hands with women permissible?","narider sathe koromordon kora ki jayez",Forbidden,Social_Conduct,"Haram (for non-mahram)","গাইরে মাহরাম নারীর সাথে করমর্দন হারাম।","Shaking hands with non-mahram women is forbidden.","SEE_REFERENCE_SOURCE","Hadith on not touching non-mahram","Sahih_Bukhari",NEEDS_VERIFICATION,"koromordon,handshake,non-mahram"
503,"গাইরে মাহরামের সাথে নির্জনে থাকা কি হারাম?","Is being alone with a non-mahram forbidden?","goire mahram er sathe nirjone thaka ki haram",Forbidden,Social_Conduct,"Haram","গাইরে মাহরামের সাথে নির্জনে থাকা হারাম।","Being alone with a non-mahram is forbidden.","No man is alone with a woman except that the third of them is Satan","Sunan al-Tirmidhi 2165","Tirmidhi",verified,"nirjon,alone,non-mahram"
504,"চাচাতো ভাই-বোন কি মাহরাম?","Are cousins mahram?","chachato bhai bon ki mahram",Permissible,Family_and_Marriage,"Mubah (not mahram)","চাচাতো ভাই-বোন মাহরাম নয়; তাদের সাথে পর্দা জরুরি।","Cousins are not mahram; hijab is required with them.","SEE_REFERENCE_SOURCE","Quran 4:23 on mahrams","Quran",NEEDS_VERIFICATION,"chachato,cousin,mahram"
505,"মাহরাম কারা?","Who are the mahrams?","mahram kara",Obligatory,Family_and_Marriage,"Fard (knowledge)","মাহরাম সম্পর্ক জানা ফরজ।","Knowing mahram relationships is obligatory.","And do not marry those [women] whom your fathers married...","Quran 4:23","Quran",verified,"mahram,list,relative"
506,"নিজের বোনকে বিয়ে করা কি জায়েজ?","Is marrying one's sister permissible?","nijer bon ke biye kora ki jayez",Forbidden,Family_and_Marriage,"Haram (definitive)","নিজের বোনকে বিয়ে করা হারাম।","Marrying one's sister is forbidden.","Prohibited to you [for marriage] are your mothers, your daughters, your sisters...","Quran 4:23","Quran",verified,"bon,sister,marriage"
507,"মায়ের বোনকে বিয়ে করা কি জায়েজ?","Is marrying one's maternal aunt permissible?","mayer bon ke biye kora ki jayez",Forbidden,Family_and_Marriage,"Haram (definitive)","খালাকে বিয়ে করা হারাম।","Marrying one's maternal aunt is forbidden.","Prohibited to you... your fathers' sisters, your mothers' sisters...","Quran 4:23","Quran",verified,"khala,aunt,marriage"
508,"ফুফুকে বিয়ে করা কি জায়েজ?","Is marrying one's paternal aunt permissible?","fufu ke biye kora ki jayez",Forbidden,Family_and_Marriage,"Haram (definitive)","ফুফুকে বিয়ে করা হারাম।","Marrying one's paternal aunt is forbidden.","Prohibited to you... your fathers' sisters...","Quran 4:23","Quran",verified,"fufu,aunt,marriage"
509,"শ্যালিকাকে বিয়ে করা কি জায়েজ?","Is marrying one's sister-in-law permissible?","shalikake biye kora ki jayez",Permissible,Family_and_Marriage,"Mubah (after sister's iddah/death)","শ্যালিকাকে বিয়ে জায়েজ, তবে স্ত্রীর মৃত্যু বা তালাকের পর।","Marrying a sister-in-law is permissible after the wife's death or divorce.","And [also prohibited are] the wives of your sons...","Quran 4:23","Quran",verified,"shalika,sister-in-law,marriage"
510,"দুই বোনকে একসাথে বিয়ে করা কি জায়েজ?","Is marrying two sisters at the same time permissible?","dui bon ke eksathe biye kora ki jayez",Forbidden,Family_and_Marriage,"Haram","দুই বোনকে একসাথে বিয়ে করা হারাম।","Marrying two sisters simultaneously is forbidden.","And [prohibited is] that you bring together two sisters","Quran 4:23","Quran",verified,"dui bon,two sisters,marriage"
511,"মুশরিক নারীকে বিয়ে করা কি জায়েজ?","Is marrying a polytheist woman permissible?","mushrik narike biye kora ki jayez",Forbidden,Family_and_Marriage,"Haram","মুশরিক নারীকে বিয়ে করা হারাম।","Marrying a polytheist woman is forbidden.","And do not marry polytheistic women until they believe","Quran 2:221","Quran",verified,"mushrik,marriage,polytheist"
512,"আহলে কিতাব নারীকে বিয়ে করা কি জায়েজ?","Is marrying a woman of the People of the Book permissible?","ahle kitab narike biye kora ki jayez",Permissible,Family_and_Marriage,"Mubah (with conditions)","আহলে কিতাব নারীকে বিয়ে করা জায়েজ।","Marrying a woman of the People of the Book is permissible.","And [lawful in marriage are] chaste women from among those who were given the Scripture before you","Quran 5:5","Quran",verified,"ahle kitab,marriage,christian,jewish"
513,"মুসলিম নারী কি অমুসলিমকে বিয়ে করতে পারে?","Can a Muslim woman marry a non-Muslim?","muslim nari ki omuslim ke biye korte pare",Forbidden,Family_and_Marriage,"Haram","মুসলিম নারীর জন্য অমুসলিমকে বিয়ে করা হারাম।","A Muslim woman cannot marry a non-Muslim.","And do not give [your women] in marriage to polytheists until they believe","Quran 2:221","Quran",verified,"muslim nari,non-muslim,marriage"
514,"বিয়ের সময় অভিভাবকের অনুমতি কি ফরজ?","Is the guardian's permission required for marriage?","biyer somoy obhibhaboker onumoti ki foroj",Obligatory,Family_and_Marriage,"Fard (for virgin women)","নারীর বিয়েতে অভিভাবকের অনুমতি ফরজ।","The guardian's permission is required for a woman's marriage.","There is no marriage without a guardian","Sunan Abi Dawood 2085","Abu_Dawood",verified,"obhibhabok,guardian,marriage"
515,"বিয়েতে সাক্ষী রাখা কি ফরজ?","Are witnesses required for marriage?","biye te sakkhi rakha ki foroj",Obligatory,Family_and_Marriage,"Fard","বিয়েতে দুইজন সাক্ষী থাকা ফরজ।","Two witnesses are required for marriage.","There is no marriage except with a guardian and two witnesses","Sunan al-Tirmidhi 1101","Tirmidhi",verified,"sakkhi,witness,marriage"
516,"বিয়ের খুতবা দেওয়া কি সুন্নত?","Is giving a khutbah at marriage sunnah?","biyer khutba dewa ki sunnat",Recommended,Family_and_Marriage,"Sunnah","বিয়ের খুতবা সুন্নত।","Giving a khutbah at marriage is sunnah.","The Prophet gave a khutbah for marriage","Sunan al-Tirmidhi 1105","Tirmidhi",NEEDS_VERIFICATION,"khutba,marriage,sunnat"
517,"বিবাহের ঘোষণা দেওয়া কি সুন্নত?","Is announcing marriage sunnah?","bibaher ghoshona dewa ki sunnat",Recommended,Family_and_Marriage,"Sunnah","বিয়ের ঘোষণা দেওয়া সুন্নত।","Announcing marriage is sunnah.","Announce the marriage","Sunan al-Tirmidhi 1089","Tirmidhi",verified,"ghoshona,announce,marriage"
518,"বিয়ের পর ওয়ালিমা করা কি সুন্নত?","Is holding walimah (wedding feast) sunnah?","biyer por walima kora ki sunnat",Recommended,Family_and_Marriage,"Sunnah Mu'akkadah","ওয়ালিমা করা সুন্নত।","Holding walimah is sunnah.","Hold a wedding feast, even with a sheep","Sahih al-Bukhari 5167","Sahih_Bukhari",verified,"walima,wedding feast"
519,"বহু বিবাহ কি শর্তসাপেক্ষে জায়েজ?","Is polygamy conditionally permissible?","bohu bibaha ki sorto sapekhe jayez",Permissible,Family_and_Marriage,"Mubah (with justice)","ন্যায়বিচারের শর্তে বহু বিবাহ জায়েজ।","Polygamy is permissible with the condition of justice.","If you fear that you will not deal justly, then [marry only] one","Quran 4:3","Quran",verified,"bohu bibaha,polygamy,justice"
520,"স্ত্রীদের মধ্যে সমান ব্যবহার কি ফরজ?","Is equal treatment among wives obligatory?","strider moddhe soman bebohar ki foroj",Obligatory,Family_and_Marriage,"Fard","একাধিক স্ত্রী থাকলে সমান ব্যবহার ফরজ।","Equal treatment among wives is obligatory.","And you will never be able to be equal between wives, so do not incline completely [toward one]","Quran 4:129","Quran",verified,"soman,equal,wives"
521,"স্বামীর অবাধ্য হওয়া কি হারাম?","Is disobeying the husband forbidden?","swamir obadho howa ki haram",Forbidden,Family_and_Marriage,"Haram (in lawful matters)","বৈধ বিষয়ে স্বামীর অবাধ্য হওয়া হারাম।","Disobeying the husband in lawful matters is forbidden.","If a woman prays her five, fasts her month, guards her chastity, and obeys her husband, she enters Paradise","Sunan Ibn Majah 1854","Ibn_Majah",verified,"swami,obedient,wife"
522,"স্বামীর আনুগত্য করা কি ফরজ?","Is obeying the husband obligatory?","swamir anugotto kora ki foroj",Obligatory,Family_and_Marriage,"Wajib (in lawful matters)","বৈধ বিষয়ে স্বামীর আনুগত্য ওয়াজিব।","Obeying the husband in lawful matters is obligatory.","And live with them in kindness","Quran 4:19","Quran",verified,"swami,anugotto,obey"
523,"স্ত্রীর যৌতুক নেওয়া কি হারাম?","Is demanding dowry from the wife forbidden?","strir joutuk neya ki haram",Forbidden,Family_and_Marriage,"Haram","স্ত্রীর পরিবার থেকে যৌতুক নেওয়া হারাম।","Demanding dowry from the wife's family is forbidden.","And give the women [upon marriage] their [bridal] gifts graciously","Quran 4:4","Quran",verified,"joutuk,dowry,wife"
524,"মোহর আদায় করা কি ফরজ?","Is paying mahr obligatory?","mohor aday kora ki foroj",Obligatory,Family_and_Marriage,"Fard","স্ত্রীকে মোহর দেওয়া ফরজ।","Paying mahr to the wife is obligatory.","And give the women [upon marriage] their [bridal] gifts graciously","Quran 4:4","Quran",verified,"mohor,mahr,dowry"
525,"তালাক দেওয়ার নিয়ম কী?","What is the method of divorce?","talak dewar niom ki",Obligatory,Family_and_Marriage,"Sunnah method is obligatory to follow","তালাক সুন্নত পদ্ধতিতে দেওয়া উচিত — ইদ্দতের শুরুতে এক তালাক।","Divorce should follow the sunnah method — one divorce at the start of iddah.","Divorce is twice. Then either keep her in kindness or release her with good treatment","Quran 2:229","Quran",verified,"talak,divorce,niom"
526,"তিন তালাক একসাথে দেওয়া কি জায়েজ?","Is giving three divorces at once permissible?","tin talak eksathe dewa ki jayez",Disliked,Family_and_Marriage,"Makruh Tahrimi / Bid'ah (though effective in Hanafi)","একসাথে তিন তালাক বিদআত পদ্ধতি, তবে হানাফি মতে কার্যকর।","Three divorces at once is bid'ah but effective in Hanafi view.","SEE_REFERENCE_SOURCE","Fiqh Hanafi on three talaq","Fiqh_Hanafi",NEEDS_VERIFICATION,"tin talak,three divorce"
527,"ইদ্দত পালন করা কি ফরজ?","Is observing iddah obligatory?","iddot palon kora ki foroj",Obligatory,Family_and_Marriage,"Fard","তালাক বা মৃত্যুর পর ইদ্দত পালন ফরজ।","Observing iddah is obligatory after divorce or death.","Divorced women wait for themselves for three menstrual periods","Quran 2:228","Quran",verified,"iddot,iddah,waiting"
528,"তালাকপ্রাপ্ত নারীর ইদ্দত কতদিন?","How long is the iddah of a divorced woman?","talakprapto narir iddot koto din",Obligatory,Family_and_Marriage,"Fard (knowledge)","তালাকপ্রাপ্ত নারীর ইদ্দত তিন মাসিক।","The iddah of a divorced woman is three menstrual cycles.","Divorced women wait for themselves for three menstrual periods","Quran 2:228","Quran",verified,"iddot,divorced,period"
529,"বিধবার ইদ্দত কতদিন?","How long is a widow's iddah?","bidhobar iddot koto din",Obligatory,Family_and_Marriage,"Fard (knowledge)","বিধবার ইদ্দত ৪ মাস ১০ দিন।","A widow's iddah is four months and ten days.","And those who are taken in death among you and leave wives behind - they wait for themselves four months and ten days","Quran 2:234","Quran",verified,"bidhoba,iddot,widow"
530,"সন্তানকে ইসলামী শিক্ষা দেওয়া কি ফরজ?","Is giving children Islamic education obligatory?","sontan ke islami shikkha dewa ki foroj",Obligatory,Family_and_Marriage,"Fard","সন্তানকে ইসলামী শিক্ষা দেওয়া ফরজ।","Giving children Islamic education is obligatory.","O you who have believed, protect yourselves and your families from a Fire","Quran 66:6","Quran",verified,"shikkha,children,islamic"
531,"সন্তানকে কুরআন শেখানো কি ফরজ?","Is teaching children the Quran obligatory?","sontan ke quran shekhano ki foroj",Obligatory,Family_and_Marriage,"Fard (essential)","সন্তানকে কুরআন শেখানো ফরজ।","Teaching children the Quran is obligatory.","The best of you are those who learn the Quran and teach it","Sahih al-Bukhari 5027","Sahih_Bukhari",verified,"quran,children,teach"
532,"ছেলের নাম রাসূলের নামে রাখা কি জায়েজ?","Is naming a child after the Prophet permissible?","cheler nam rasul er name rakha ki jayez",Permissible,Family_and_Marriage,"Mubah / Mustahabb","রাসূলের নামে বা ভালো অর্থবহ নাম রাখা জায়েজ ও উত্তম।","Naming a child after the Prophet or with a good name is permissible and recommended.","Make good names","Sunan Abi Dawood 4948","Abu_Dawood",verified,"nam,name,child"
533,"ছেলের খতনা করা কি ফরজ?","Is circumcision obligatory for boys?","cheler khotna kora ki foroj",Obligatory,Family_and_Marriage,"Wajib / Sunnah Mu'akkadah","খতনা সুন্নত মুয়াক্কাদা বা ওয়াজিব।","Circumcision is emphasized sunnah or obligatory.","The fitrah is five things: circumcision...","Sahih al-Bukhari 5889","Sahih_Bukhari",verified,"khotna,circumcision,fitrah"
534,"আকিকা করা কি সুন্নত?","Is aqiqah sunnah?","akika kora ki sunnat",Recommended,Family_and_Marriage,"Sunnah Mu'akkadah","আকিকা করা সুন্নত মুয়াক্কাদা।","Aqiqah is an emphasized sunnah.","Every child is pledged for its aqiqah","Sunan Abi Dawood 2837","Abu_Dawood",verified,"akika,aqiqah,sunnat"
535,"সন্তানকে মিথ্যা বলা শেখানো কি হারাম?","Is teaching children to lie forbidden?","sontan ke mittha bola shekhano ki haram",Forbidden,Family_and_Marriage,"Haram","সন্তানকে মিথ্যা শেখানো হারাম।","Teaching children to lie is forbidden.","SEE_REFERENCE_SOURCE","General principle of truthfulness","Fiqh_Hanafi",NEEDS_VERIFICATION,"mittha,children,lie"
536,"স্ত্রীর সাথে ঝগড়া না করে মীমাংসা করা কি উত্তম?","Is resolving disputes with wife peacefully recommended?","strir sathe jhogra na kore mimangsa kora ki uttom",Recommended,Family_and_Marriage,"Mustahabb","স্ত্রীর সাথে শান্তিপূর্ণ মীমাংসা উত্তম।","Resolving disputes with the wife peacefully is recommended.","And live with them in kindness","Quran 4:19","Quran",verified,"mimangsa,dispute,wife"
537,"স্বামী-স্ত্রীর মধ্যে গোপন সম্পর্ক কি জায়েজ?","Is secret marriage permissible?","swami strir moddhe gopon somporko ki jayez",Disliked,Family_and_Marriage,"Makruh Tahrimi (must announce)","গোপন বিয়ে মাকরুহ, ঘোষণা করা সুন্নত।","Secret marriage is disliked; announcement is sunnah.","Announce the marriage","Sunan al-Tirmidhi 1089","Tirmidhi",verified,"gopon biye,secret marriage"
538,"বিয়ের আগে পাত্রী দেখা কি জায়েজ?","Is seeing the prospective bride permissible?","biyer age potri dekha ki jayez",Permissible,Family_and_Marriage,"Mubah (with limits)","বিয়ের আগে পাত্রী দেখা জায়েজ, তবে পর্দার সীমায়।","Seeing the prospective bride is permissible within limits.","Look at her, for it is more likely to create affection between you","Sunan al-Tirmidhi 1087","Tirmidhi",verified,"potri,bride,see"
539,"স্বামীর সম্পত্তিতে স্ত্রীর অধিকার কি?","What is the wife's right to the husband's property?","swamir sompottite strir odhikar ki",Obligatory,Family_and_Marriage,"Fard (maintenance and inheritance)","স্ত্রীর ভরণপোষণ ও উত্তরাধিকার অধিকার আছে।","The wife has rights to maintenance and inheritance.","And upon the father is the mother's provision and clothing","Quran 2:233","Quran",verified,"sompotti,property,wife"
540,"স্ত্রীর উপার্জন কি তার নিজের?","Is the wife's earning her own?","strir uparjon ki tar nijer",Permissible,Business_and_Finance,"Mubah (her right)","স্ত্রীর উপার্জন তার নিজস্ব, স্বামী তা নিতে পারে না।","The wife's earnings are her own; the husband has no right to them.","And for women is a share of what they have earned","Quran 4:32","Quran",verified,"uparjon,earning,wife"
541,"ইসলামে মা-বাবার হক কী?","What are the rights of parents in Islam?","islam e ma babar hok ki",Obligatory,Family_and_Marriage,"Fard","মা-বাবার হক আদায় করা ফরজ।","Fulfilling parents' rights is obligatory.","And your Lord has decreed that you not worship except Him, and to parents, good treatment","Quran 17:23","Quran",verified,"ma baba,hok,parents"
542,"মা-বাবার সাথে কোমল ব্যবহার করা কি ফরজ?","Is being gentle with parents obligatory?","ma babar sathe komol bebohar kora ki foroj",Obligatory,Family_and_Marriage,"Fard","মা-বাবার সাথে কোমল ব্যবহার ফরজ।","Being gentle with parents is obligatory.","Say not to them as much as uff, and do not repel them but speak to them a noble word","Quran 17:23","Quran",verified,"komol,gentle,parents"
543,"মা-বাবাকে 'উফ' বলা কি হারাম?","Is saying 'uff' to parents forbidden?","ma babake uf bola ki haram",Forbidden,Family_and_Marriage,"Haram","মা-বাবাকে 'উফ' বলা হারাম।","Saying 'uff' to parents is forbidden.","Say not to them as much as uff","Quran 17:23","Quran",verified,"uf,parents,forbidden"
544,"বৃদ্ধ বয়সে মা-বাবার সেবা করা কি ফরজ?","Is serving elderly parents obligatory?","briddho boyoshe ma babar seba kora ki foroj",Obligatory,Family_and_Marriage,"Fard","বৃদ্ধ মা-বাবার সেবা করা ফরজ।","Serving elderly parents is obligatory.","And lower to them the wing of humility out of mercy","Quran 17:24","Quran",verified,"briddho,seba,parents"
545,"সন্তানের জন্য বাবা-মায়ের দোয়া কি কবুল হয়?","Is the parents' dua for their child accepted?","sontan er jonno baba mayer doa ki kobul hoy",Recommended,Family_and_Marriage,"Mustahabb","সন্তানের জন্য বাবা-মায়ের দোয়া কবুল হয়।","Parents' dua for their child is accepted.","Three duas are answered without doubt: the dua of a parent...","Sunan al-Tirmidhi 1905","Tirmidhi",verified,"dua,parents,child"
546,"আল্লাহর নিকট পছন্দনীয় কাজ কী?","What is the most beloved deed to Allah?","allah r nikot pochondonio kaj ki",Obligatory,Faith_and_Aqidah,"Fard (knowledge)","সবচেয়ে প্রিয় কাজ হলো সময়মতো নামাজ।","The most beloved deed is prayer at its proper time.","The most beloved deed to Allah is prayer at its proper time","Sahih al-Bukhari 527","Sahih_Bukhari",verified,"priyo deed,prayer,time"
547,"আল্লাহর নিকট পছন্দনীয় কথা কী?","What is the most beloved speech to Allah?","allah r nikot pochondonio kotha ki",Recommended,Faith_and_Aqidah,"Mustahabb","আল্লাহর কাছে প্রিয় কথা হলো তাসবিহ, তাহমিদ, তাকবির, তাহলিল।","The most beloved speech is tasbih, tahmid, takbir, and tahlil.","The most beloved words to Allah are four: Subhanallah, Alhamdulillah, La ilaha illallah, Allahu Akbar","Sahih Muslim 2137","Sahih_Muslim",verified,"priyo kotha,tasbih,tahmid"
548,"সুবহানাল্লাহ বলা কি সওয়াবের কাজ?","Is saying Subhanallah rewarded?","subhanallah bola ki soaber kaj",Recommended,Faith_and_Aqidah,"Mustahabb","সুবহানাল্লাহ বলা সওয়াবের কাজ।","Saying Subhanallah is rewarded.","Whoever says Subhanallah wa bihamdihi one hundred times a day, his sins are forgiven even if they were like the foam of the sea","Sahih al-Bukhari 6405","Sahih_Bukhari",verified,"subhanallah,tasbih,reward"
549,"আলহামদুলিল্লাহ বলা কি সওয়াবের কাজ?","Is saying Alhamdulillah rewarded?","alhamdulillah bola ki soaber kaj",Recommended,Faith_and_Aqidah,"Mustahabb","আলহামদুলিল্লাহ বলা সওয়াবের কাজ।","Saying Alhamdulillah is rewarded.","Alhamdulillah fills the scale","Sahih Muslim 223","Sahih_Muslim",verified,"alhamdulillah,tahmid,reward"
550,"আল্লাহু আকবার বলা কি সওয়াবের কাজ?","Is saying Allahu Akbar rewarded?","allahu akbar bola ki soaber kaj",Recommended,Faith_and_Aqidah,"Mustahabb","আল্লাহু আকবার বলা সওয়াবের কাজ।","Saying Allahu Akbar is rewarded.","The most beloved words to Allah are four...","Sahih Muslim 2137","Sahih_Muslim",verified,"allahu akbar,takbir,reward"
551,"লা ইলাহা ইল্লাল্লাহ বলা কি সওয়াবের কাজ?","Is saying La ilaha illallah rewarded?","la ilaha illallah bola ki soaber kaj",Recommended,Faith_and_Aqidah,"Mustahabb","লা ইলাহা ইল্লাল্লাহ বলা সর্বোত্তম জিকির।","Saying La ilaha illallah is the best dhikr.","The best dhikr is La ilaha illallah","Sunan al-Tirmidhi 3383","Tirmidhi",verified,"la ilaha,kalima,dhikr"
552,"আস্তাগফিরুল্লাহ বলা কি মুস্তাহাব?","Is saying Astaghfirullah recommended?","astagfirullah bola ki mustahab",Recommended,Faith_and_Aqidah,"Mustahabb","আস্তাগফিরুল্লাহ বলা মুস্তাহাব।","Saying Astaghfirullah is recommended.","Whoever says Astaghfirullah al-Adhim... his sins are forgiven","Sahih al-Bukhari 6306","Sahih_Bukhari",verified,"astagfirullah,istegfar,forgiveness"
553,"দোয়া কবুল না হওয়ার কারণ কী?","What are the reasons for rejected dua?","doa kobul na howar karon ki",Disliked,Faith_and_Aqidah,"Makruh Tahrimi (haram food blocks dua)","হারাম উপার্জন ও খাবার দোয়া কবুলে বাধা।","Haram earnings and food block dua acceptance.","Allah is pure and accepts only what is pure","Sahih Muslim 1015","Sahih_Muslim",verified,"doa,rejected,haram"
554,"হালাল উপার্জন করা কি দোয়া কবুলের শর্ত?","Is halal earning a condition for accepted dua?","halal uparjon kora ki doa kobuler sorto",Obligatory,Business_and_Finance,"Fard","হালাল উপার্জন দোয়া কবুলের শর্ত।","Halal earning is a condition for accepted dua.","Allah is pure and accepts only what is pure","Sahih Muslim 1015","Sahih_Muslim",verified,"halal,earning,dua"
555,"আল্লাহর উপর ভরসা করা কি ফরজ?","Is trust in Allah obligatory?","allah r upor bhorosa kora ki foroj",Obligatory,Faith_and_Aqidah,"Fard","আল্লাহর উপর তাওয়াক্কুল ফরজ।","Trust in Allah is obligatory.","And upon Allah rely, if you should be believers","Quran 5:23","Quran",verified,"bhorosa,tawakkul,trust"
556,"আল্লাহর উপর ভরসা না করে অন্যের উপর ভরসা করা কি হারাম?","Is relying on others instead of Allah forbidden?","allah r upor bhorosa na kore onner upor bhorosa kora ki haram",Faith_Violation,Faith_and_Aqidah,"Haram (if complete reliance)","আল্লাহর পরিবর্তে অন্যের উপর পূর্ণ ভরসা করা হারাম।","Complete reliance on others instead of Allah is forbidden.","And upon Allah rely, if you should be believers","Quran 5:23","Quran",verified,"bhorosa,rely,others"
557,"ভাগ্য গণনা করা কি হারাম?","Is fortune-telling forbidden?","bhaggo gonona kora ki haram",Forbidden,Faith_and_Aqidah,"Haram","ভাগ্য গণনা বা জ্যোতিষ চর্চা হারাম।","Fortune-telling and astrology are forbidden.","Whoever goes to a fortune-teller and asks him about something, his prayer will not be accepted for forty days","Sahih Muslim 2230","Sahih_Muslim",verified,"bhaggo,fortune,teller"
558,"জ্যোতিষ শাস্ত্রে বিশ্বাস করা কি কুফর?","Is believing in astrology disbelief?","jotish shastre biswas kora ki kufr",Faith_Violation,Faith_and_Aqidah,"Kufr (if believed)","জ্যোতিষে বিশ্বাস করা কুফর।","Believing in astrology is disbelief.","Whoever goes to a fortune-teller and believes what he says has disbelieved in what was revealed to Muhammad","Sunan Abi Dawood 3904","Abu_Dawood",verified,"jotish,astrology,kufr"
559,"শুভ-অশুভ মানা কি হারাম?","Is believing in omens forbidden?","shuvo oshubho mana ki haram",Forbidden,Faith_and_Aqidah,"Haram / Shirk (if believed)","শুভ-অশুভ মানা হারাম।","Believing in omens is forbidden.","There is no such thing as omens","Sahih al-Bukhari 5757","Sahih_Bukhari",verified,"shuvo,oshubho,omen"
560,"বিড়ালের ডাক শুভ-অশুভ মানা কি জায়েজ?","Is considering cat cries as omens permissible?","biraler dak shuvo oshubho mana ki jayez",Forbidden,Faith_and_Aqidah,"Haram","শুভ-অশুভ মানা হারাম।","Considering omens is forbidden.","There is no such thing as omens","Sahih al-Bukhari 5757","Sahih_Bukhari",verified,"biral,omen,shuvo"
561,"কাক ডাকা শুভ-অশুভ মানা কি জায়েজ?","Is considering crow cries as omens permissible?","kak daka shuvo oshubho mana ki jayez",Forbidden,Faith_and_Aqidah,"Haram","কাক ডাকাকে শুভ-অশুভ মানা হারাম।","Considering crow cries as omens is forbidden.","There is no such thing as omens","Sahih al-Bukhari 5757","Sahih_Bukhari",verified,"kak,crow,omen"
562,"আল্লাহর প্রতি কৃতজ্ঞতা জ্ঞাপন করা কি ফরজ?","Is expressing gratitude to Allah obligatory?","allah r proti kritoggota gyapon kora ki foroj",Obligatory,Faith_and_Aqidah,"Fard","আল্লাহর প্রতি কৃতজ্ঞতা ফরজ।","Gratitude to Allah is obligatory.","If you are grateful, I will surely increase you","Quran 14:7","Quran",verified,"kritoggota,gratitude,allah"
563,"অকৃতজ্ঞ হওয়া কি হারাম?","Is being ungrateful forbidden?","okritoggo howa ki haram",Forbidden,Faith_and_Aqidah,"Haram","অকৃতজ্ঞতা হারাম।","Ingratitude is forbidden.","If you disbelieve, indeed, My punishment is severe","Quran 14:7","Quran",verified,"okritoggo,ungrateful,haram"
564,"আল্লাহর নিয়ামতের শোকর করা কি ফরজ?","Is thanking Allah for blessings obligatory?","allah r niyemoter shokor kora ki foroj",Obligatory,Faith_and_Aqidah,"Fard","নিয়ামতের শোকর ফরজ।","Thanking Allah for blessings is obligatory.","And [remember] when your Lord proclaimed, 'If you are grateful, I will surely increase you'","Quran 14:7","Quran",verified,"shokor,blessing,thanks"
565,"মৃত্যুকে স্মরণ করা কি মুস্তাহাব?","Is remembering death recommended?","mrittu ke saron kora ki mustahab",Recommended,Faith_and_Aqidah,"Mustahabb","মৃত্যুকে স্মরণ করা মুস্তাহাব।","Remembering death is recommended.","Remember often the destroyer of pleasures: death","Sunan al-Tirmidhi 2307","Tirmidhi",verified,"mrittu,death,remember"
566,"কিয়ামতের ভয়াবহতা বিশ্বাস করা কি ফরজ?","Is believing in the terror of the Day of Judgment obligatory?","kiyamer bhoyabohota biswas kora ki foroj",Obligatory,Faith_and_Aqidah,"Fard","কিয়ামতের ভয়াবহতা বিশ্বাস ফরজ।","Believing in the terror of the Last Day is obligatory.","O mankind, fear your Lord. Indeed, the convulsion of the [final] Hour is a terrible thing","Quran 22:1","Quran",verified,"kiyamot,terror,last day"
567,"জান্নাতের নেয়ামত বিশ্বাস করা কি ফরজ?","Is believing in Paradise's blessings obligatory?","jannater neyamot biswas kora ki foroj",Obligatory,Faith_and_Aqidah,"Fard","জান্নাতের নেয়ামত বিশ্বাস ফরজ।","Believing in Paradise's blessings is obligatory.","And give good tidings to those who believe... they will have gardens beneath which rivers flow","Quran 2:25","Quran",verified,"jannat,blessing,neamot"
568,"জাহান্নামের শাস্তি বিশ্বাস করা কি ফরজ?","Is believing in Hell's punishment obligatory?","jahannamer shasti biswas kora ki foroj",Obligatory,Faith_and_Aqidah,"Fard","জাহান্নামের শাস্তি বিশ্বাস ফরজ।","Believing in Hell's punishment is obligatory.","And fear the Fire, which has been prepared for the disbelievers","Quran 3:131","Quran",verified,"jahannam,punishment,hell"
569,"আল্লাহর দয়া থেকে নিরাশ হওয়া কি হারাম?","Is despairing of Allah's mercy forbidden?","allah r doya theke nirash howa ki haram",Faith_Violation,Faith_and_Aqidah,"Haram / Kufr","আল্লাহর দয়া থেকে নিরাশ হওয়া হারাম।","Despairing of Allah's mercy is forbidden.","No one despairs of relief from Allah except the disbelieving people","Quran 12:87","Quran",verified,"nirash,despair,mercy"
570,"আল্লাহর দয়া থেকে আশাহীন হওয়া কি গুনাহ?","Is losing hope in Allah's mercy sinful?","allah r doya theke asahin howa ki gunah",Faith_Violation,Faith_and_Aqidah,"Haram (major)","আল্লাহর দয়া থেকে আশা হারানো বড় গুনাহ।","Losing hope in Allah's mercy is a major sin.","And do not despair of the mercy of Allah","Quran 39:53","Quran",verified,"ashahin,hopeless,sin"
571,"তওবা করা কি ফরজ?","Is repentance obligatory?","toba kora ki foroj",Obligatory,Faith_and_Aqidah,"Fard","গুনাহ থেকে তওবা ফরজ।","Repentance is obligatory.","And turn to Allah in repentance, all of you, O believers","Quran 24:31","Quran",verified,"toba,repentance,foroj"
572,"তওবার শর্ত কী?","What are the conditions of repentance?","tobar sorto ki",Obligatory,Faith_and_Aqidah,"Fard (knowledge)","তওবার শর্ত: গুনাহ ছাড়া, অনুতাপ, ভবিষ্যতে না করার সংকল্প।","Conditions of repentance: giving up the sin, remorse, and firm resolve not to return.","SEE_REFERENCE_SOURCE","Scholarly consensus on tawbah conditions","Fiqh_Hanafi",NEEDS_VERIFICATION,"toba,conditions,repentance"
573,"গুনাহের পর দ্রুত তওবা করা কি ফরজ?","Is immediate repentance after sin obligatory?","gunah er por druto toba kora ki foroj",Obligatory,Faith_and_Aqidah,"Fard","গুনাহের পর দ্রুত তওবা ফরজ।","Immediate repentance after sin is obligatory.","Indeed, repentance to Allah is only for those who do evil in ignorance then repent soon","Quran 4:17","Quran",verified,"druto,immediate,repentance"
574,"তওবা করলে কি সব গুনাহ মাফ হয়?","Are all sins forgiven with repentance?","toba korle ki sob gunah maf hoy",Permissible,Faith_and_Aqidah,"Mubah (with sincerity, except shirk)","সিনসিয়ার তওবায় সব গুনাহ মাফ হয়, তবে শিরকও তওবায় মাফ হয়।","All sins are forgiven with sincere repentance.","Say, O My servants who have transgressed against themselves, do not despair of the mercy of Allah. Indeed, Allah forgives all sins","Quran 39:53","Quran",verified,"toba,forgive,all sins"
575,"শিরক থেকে তওবা করা কি জায়েজ?","Is repentance from shirk possible?","shirk theke toba kora ki jayez",Permissible,Faith_and_Aqidah,"Mubah (accepted if sincere)","শিরক থেকে তওবা করলে আল্লাহ মাফ করেন।","Repentance from shirk is accepted if sincere.","But if they repent, establish prayer, and give zakat, then they are your brothers in religion","Quran 9:11","Quran",verified,"shirk,toba,repentance"
576,"গীবতের তওবা কীভাবে হবে?","How to repent from backbiting?","gibater toba kibhabe hobe",Obligatory,Social_Conduct,"Wajib (seek forgiveness from victim)","গীবতের তওবায় আল্লাহর কাছে ক্ষমা এবং ক্ষতিগ্রস্ত ব্যক্তির কাছে ক্ষমা চাইতে হবে।","Repentance from backbiting requires seeking forgiveness from the victim.","SEE_REFERENCE_SOURCE","Scholarly consensus on gheebah repentance","Fiqh_Hanafi",NEEDS_VERIFICATION,"gibat,toba,repentance"
577,"অন্যের হক নষ্ট করলে তওবা কীভাবে হবে?","How to repent for violating others' rights?","onner hok nosto korle toba kibhabe hobe",Obligatory,Social_Conduct,"Wajib (restore rights)","হক ফিরিয়ে দেওয়া বা ক্ষমা নেওয়া তওবার শর্ত।","Restoring rights or seeking forgiveness is required.","SEE_REFERENCE_SOURCE","Scholarly consensus on huquq al-ibad","Fiqh_Hanafi",NEEDS_VERIFICATION,"hok,toba,rights"
578,"আল্লাহর ভয় করা কি ফরজ?","Is fearing Allah obligatory?","allah r bhoy kora ki foroj",Obligatory,Faith_and_Aqidah,"Fard","আল্লাহর ভয় রাখা ফরজ।","Fearing Allah is obligatory.","So fear them not, but fear Me, if you are believers","Quran 3:175","Quran",verified,"bhoy,fear,allah"
579,"আল্লাহর ভালোবাসা অর্জন করা কি ফরজ?","Is attaining Allah's love obligatory?","allah r valobasha orjon kora ki foroj",Obligatory,Faith_and_Aqidah,"Fard","আল্লাহর ভালোবাসা অর্জন ফরজ।","Attaining Allah's love is obligatory.","Say, [O Muhammad], 'If you love Allah, then follow me, [so] Allah will love you'","Quran 3:31","Quran",verified,"valobasha,love,allah"
580,"রাসূলকে ভালোবাসা কি ফরজ?","Is loving the Prophet obligatory?","rasul ke valobasha ki foroj",Obligatory,Faith_and_Aqidah,"Fard","রাসূলকে ভালোবাসা ঈমানের শর্ত।","Loving the Prophet is a condition of faith.","None of you truly believes until I am more beloved to him than his father, his children, and all mankind","Sahih al-Bukhari 15","Sahih_Bukhari",verified,"rasul,love,prophet"
581,"সাহাবিদের ভালোবাসা কি ঈমানের অংশ?","Is loving the Sahabah part of faith?","sahaba der valobasha ki imaner ongsho",Obligatory,Faith_and_Aqidah,"Wajib","সাহাবিদের ভালোবাসা ঈমানের অংশ।","Loving the Sahabah is part of faith.","Do not revile my companions...","Sahih al-Bukhari 3673","Sahih_Bukhari",verified,"sahaba,love,companions"
582,"সাহাবিদের গালি দেওয়া কি হারাম?","Is reviling the Sahabah forbidden?","sahaba der gali dewa ki haram",Forbidden,Faith_and_Aqidah,"Haram","সাহাবিদের গালি দেওয়া হারাম।","Reviling the Sahabah is forbidden.","Do not revile my companions","Sahih al-Bukhari 3673","Sahih_Bukhari",verified,"sahaba,gali,revile"
583,"আহলে বাইতকে ভালোবাসা কি ফরজ?","Is loving the Prophet's family obligatory?","ahle bait ke valobasha ki foroj",Obligatory,Faith_and_Aqidah,"Wajib","আহলে বাইতকে ভালোবাসা ওয়াজিব।","Loving the Prophet's family is obligatory.","I remind you of Allah concerning my family","Sahih Muslim 2408","Sahih_Muslim",verified,"ahle bait,family,prophet"
584,"ফেরেশতাদের সম্মান করা কি ফরজ?","Is honoring the angels obligatory?","fereshtader somman kora ki foroj",Obligatory,Faith_and_Aqidah,"Fard","ফেরেশতাদের বিশ্বাস ও সম্মান ফরজ।","Belief in and respect for angels is obligatory.","Whoever disbelieves in Allah, His angels...","Quran 4:136","Quran",verified,"fereshta,angels,respect"
585,"কুরআনকে সম্মান করা কি ফরজ?","Is honoring the Quran obligatory?","quran ke somman kora ki foroj",Obligatory,Faith_and_Aqidah,"Fard","কুরআনকে সম্মান করা ফরজ।","Honoring the Quran is obligatory.","That [is so]. And whoever honors the symbols of Allah - indeed, it is from the piety of hearts","Quran 22:32","Quran",verified,"quran,somman,respect"
586,"কুরআন মাটিতে রাখা কি হারাম?","Is placing the Quran on the floor forbidden?","quran matite rakha ki haram",Disliked,Faith_and_Aqidah,"Makruh Tahrimi (disrespectful)","কুরআন মাটিতে রাখা অসম্মানজনক ও মাকরুহ।","Placing the Quran on the floor is disrespectful.","SEE_REFERENCE_SOURCE","General principle of honoring Quran","Fiqh_Hanafi",NEEDS_VERIFICATION,"quran,matite,floor"
587,"কুরআনের অনুবাদ পড়া কি জায়েজ?","Is reading Quran's translation permissible?","quran er onubad pora ki jayez",Permissible,Worship,"Mubah / Mustahabb","কুরআনের অনুবাদ পড়ে অর্থ বোঝা জায়েজ ও উত্তম।","Reading Quran translation is permissible and recommended.","Then do they not reflect upon the Quran?","Quran 4:82","Quran",verified,"onubad,translation,quran"
588,"কুরআন তাফসির পড়া কি মুস্তাহাব?","Is reading Quran tafsir recommended?","quran tafsir pora ki mustahab",Recommended,Worship,"Mustahabb","কুরআনের তাফসির পড়া মুস্তাহাব।","Reading tafsir is recommended.","Then do they not reflect upon the Quran?","Quran 4:82","Quran",verified,"tafsir,quran,exegesis"
589,"কুরআন বুঝে পড়া কি উত্তম?","Is reading Quran with understanding better?","quran bujhe pora ki uttom",Recommended,Worship,"Mustahabb","কুরআন বুঝে পড়া সর্বোত্তম।","Reading Quran with understanding is best.","Then do they not reflect upon the Quran?","Quran 4:82","Quran",verified,"bujhe,understand,quran"
590,"নামাজে কুরআন পড়া কি ফরজ?","Is reciting Quran in prayer obligatory?","namaje quran pora ki foroj",Obligatory,Worship,"Fard (Fatiha at minimum)","নামাজে অন্তত সূরা ফাতিহা পড়া ফরজ।","Reciting at least Fatiha in prayer is obligatory.","There is no prayer for the one who does not recite the Opening of the Book","Sahih al-Bukhari 756","Sahih_Bukhari",verified,"quran,namaj,recite"
591,"রোজা অবস্থায় কুরআন পড়া কি জায়েজ?","Is reading Quran while fasting permissible?","roja obosthay quran pora ki jayez",Permissible,Worship,"Mubah / Mustahabb","রোজা অবস্থায় কুরআন পড়া জায়েজ ও উত্তম।","Reading Quran while fasting is permissible and recommended.","The month of Ramadan in which the Quran was revealed","Quran 2:185","Quran",verified,"quran,fasting,read"
592,"গোসল ফরজ অবস্থায় কুরআন স্পর্শ করা কি জায়েজ?","Is touching the Quran while in janabah permissible?","gosol foroj obosthay quran sporsho kora ki jayez",Forbidden,Purity,"Haram (major impurity)","গোসল ফরজ অবস্থায় কুরআন স্পর্শ হারাম।","Touching the Quran in janabah is forbidden.","None touch it except the purified","Quran 56:79","Quran",verified,"gosol,janabah,quran"
593,"অজু ছাড়া কুরআন স্পর্শ করা কি জায়েজ?","Is touching the Quran without wudu permissible?","oju chara quran sporsho kora ki jayez",Forbidden,Purity,"Haram (for mushaf)","অজু ছাড়া মুসহাফ স্পর্শ হারাম।","Touching the mushaf without wudu is forbidden.","None touch it except the purified","Quran 56:79","Quran",verified,"oju,quran,touch"
594,"মোবাইলে কুরআন পড়া কি অজু ছাড়া জায়েজ?","Is reading Quran on mobile without wudu permissible?","mobile quran pora ki oju chara jayez",Permissible,Worship,"Mubah","মোবাইলে কুরআন পড়তে অজু ফরজ নয়।","Reading Quran on mobile does not require wudu.","SEE_REFERENCE_SOURCE","Contemporary fiqh on digital Quran","Fiqh_Hanafi",NEEDS_VERIFICATION,"mobile,quran,oju"
595,"কুরআন তিলাওয়াত শোনা কি সওয়াবের?","Is listening to Quran recitation rewarded?","quran telawat shona ki soaber",Recommended,Worship,"Mustahabb","কুরআন তিলাওয়াত শোনা সওয়াবের কাজ।","Listening to Quran recitation is rewarded.","And when the Quran is recited, listen to it and pay attention","Quran 7:204","Quran",verified,"telawat,listen,quran"
596,"কুরআন তিলাওয়াতের সময় কথা বলা কি মাকরুহ?","Is talking during Quran recitation disliked?","quran telawat er somoy kotha bola ki makruh",Disliked,Worship,"Makruh Tanzihi","তিলাওয়াতের সময় কথা বলা মাকরুহ।","Talking during recitation is disliked.","And when the Quran is recited, listen to it and pay attention","Quran 7:204","Quran",verified,"kotha,talk,recitation"
597,"রুকুতে সুন্নত কী?","What is the sunnah in ruku?","rukute sunnat ki",Recommended,Worship,"Sunnah","রুকুতে পিঠ সোজা রাখা ও তাসবিহ পড়া সুন্নত।","Keeping the back straight and reciting tasbih in ruku is sunnah.","When the Prophet bowed, he would make his back straight","Sahih al-Bukhari 828","Sahih_Bukhari",NEEDS_VERIFICATION,"ruku,sunnat,back"
598,"সিজদায় সাত অঙ্গ লাগানো কি ফরজ?","Is touching seven body parts in sujud obligatory?","sijdai sat ongo lagano ki foroj",Obligatory,Worship,"Wajib / Sunnah (disputed)","সিজদায় সাত অঙ্গ লাগানো সুন্নত বা ওয়াজিব।","Touching seven parts in sujud is sunnah or wajib.","I have been commanded to prostrate on seven bones: the forehead, two hands, two knees, and two feet","Sahih al-Bukhari 812","Sahih_Bukhari",verified,"sijda,seven,body"
599,"নামাজে ধীরস্থিরতা (তোমানিনা) অবলম্বন করা কি ফরজ?","Is composure (tumaninah) in prayer obligatory?","namaje dhir sthirota tomanina obolombon kora ki foroj",Obligatory,Worship,"Fard / Wajib","তোমানিনা অবলম্বন ফরজ বা ওয়াজিব।","Tumaninah is obligatory in prayer.","The Prophet said to the one who rushed his prayer: Go back and pray, for you have not prayed","Sahih al-Bukhari 757","Sahih_Bukhari",verified,"tomanina,composure,prayer"
600,"নামাজে তাড়াহুড়া করা কি মাকরুহ?","Is rushing in prayer disliked?","namaje tarahura kora ki makruh",Disliked,Worship,"Makruh Tahrimi","নামাজে তাড়াহুড়া মাকরুহ ও নামাজ নষ্টের কারণ।","Rushing in prayer is disliked and may invalidate it.","Go back and pray, for you have not prayed","Sahih al-Bukhari 757","Sahih_Bukhari",verified,"tarahura,rush,prayer"
